filename,label
audio_128.wav,3.4585526188758293
audio_156.wav,4.34840988126391
audio_19.wav,4.262233579275344
audio_108.wav,2.4638379963814407
audio_206.wav,2.598693234074136
audio_161.wav,3.1588590877160385
audio_215.wav,3.07772810436911
audio_213.wav,2.126677502791364
audio_11.wav,3.880908455873384
audio_155.wav,2.741806465999484
audio_39.wav,2.974031898868489
audio_168.wav,3.4398560529419733
audio_133.wav,2.334812080262446
audio_28.wav,2.7270033083291048
audio_40.wav,3.2656197312294957
audio_181.wav,2.82373274974333
audio_201.wav,2.7080131529313713
audio_182.wav,3.1721926229282094
audio_126.wav,2.4445199326747735
audio_10.wav,2.6437921853972726
audio_134.wav,2.1556289641580877
audio_69.wav,4.446279584443436
audio_112.wav,3.3385588968590865
audio_180.wav,2.7200289106792357
audio_177.wav,2.778537512282962
audio_77.wav,4.959753204495572
audio_111.wav,3.246911410232655
audio_18.wav,3.57479113651729
audio_175.wav,4.405586094045862
audio_33.wav,3.487399907015649
audio_15.wav,2.8062491280593735
audio_4.wav,3.231757838020773
audio_27.wav,2.958230046285016
audio_96.wav,3.2216395501002832
audio_116.wav,2.608200189394526
audio_1.wav,2.434098853157159
audio_22.wav,3.076794016353541
audio_114.wav,2.4362738819292495
audio_146.wav,2.681733246784182
audio_46.wav,4.996190143549507
audio_144.wav,3.3194812251753762
audio_75.wav,4.141352099234292
audio_200.wav,3.4984176535514155
audio_196.wav,2.1047390761111435
audio_190.wav,3.1287980127705493
audio_158.wav,2.937127607704588
audio_17.wav,2.3927310216852553
audio_105.wav,3.738967607843182
audio_141.wav,2.791474532370157
audio_129.wav,4.124005271676714
audio_6.wav,3.8672189144756963
audio_70.wav,4.816072903440802
audio_35.wav,3.620987449718197
audio_203.wav,3.579799597617236
audio_90.wav,4.152186723284896
audio_16.wav,2.7240018360377887
audio_138.wav,3.3064939172904566
audio_100.wav,3.3161552510202768
audio_115.wav,2.180587376782308
audio_118.wav,4.1853110736281245
audio_137.wav,3.7478459273844993
audio_101.wav,3.006364033622637
audio_193.wav,2.916241012381234
audio_102.wav,3.9634126055665235
audio_52.wav,3.0262835470778806
audio_172.wav,2.289120806710949
audio_191.wav,3.508929813233534
audio_194.wav,3.216660578984037
audio_67.wav,3.9615943444773
audio_160.wav,2.709580436139087
audio_179.wav,1.7975181108027698
audio_55.wav,2.763520644087015
audio_145.wav,3.3505515750819637
audio_197.wav,3.199696204345584
audio_139.wav,3.1870202151213576
audio_91.wav,3.920759357603383
audio_8.wav,2.1408389337058042
audio_136.wav,3.244557919330767
audio_199.wav,2.484387214227083
audio_110.wav,4.56088894696573
audio_208.wav,2.8402791518651584
audio_152.wav,4.224382072055719
audio_94.wav,3.1806093956939168
audio_174.wav,3.8068777836565113
audio_23.wav,4.280786707494841
audio_56.wav,2.8284637982877596
audio_97.wav,2.947786311597315
audio_148.wav,3.0784494802859093
audio_59.wav,3.2177005795521447
audio_5.wav,2.205430297593044
audio_119.wav,3.4843979995442482
audio_80.wav,3.8613294803038642
audio_58.wav,2.6772566838072676
audio_123.wav,3.1946739794290795
audio_188.wav,3.249783035036206
audio_121.wav,2.9135120204376577
audio_107.wav,3.3173968427840017
audio_214.wav,2.991123822246547
audio_73.wav,4.759034722606707
audio_169.wav,3.153954248753193
audio_7.wav,2.996203997065907
audio_42.wav,3.2954223195966574
audio_88.wav,4.009456399100947
audio_64.wav,2.8562661055164478
audio_195.wav,2.3868395521958097
audio_57.wav,2.909874956870791
audio_13.wav,2.410872415104019
audio_125.wav,3.4991310939351283
audio_209.wav,3.2754392387019124
audio_211.wav,3.2672929350997517
audio_63.wav,2.841277446774868
audio_86.wav,4.471320458677622
audio_78.wav,4.914001108408608
audio_38.wav,3.5822973201248627
audio_186.wav,2.320300887240642
audio_154.wav,3.3081528914294447
audio_21.wav,2.1378657959206455
audio_120.wav,2.385481291979131
audio_183.wav,2.6472390641281365
audio_25.wav,3.6984556225849605
audio_122.wav,2.5271131783509135
audio_36.wav,3.91425845701017
audio_76.wav,4.684299243134011
audio_163.wav,2.9075695514244164
audio_83.wav,4.614724186330407
audio_103.wav,3.146305069455508
audio_93.wav,3.4053168986384867
audio_26.wav,3.351859460426913
audio_72.wav,4.937143814433843
audio_210.wav,2.685304437924462
audio_104.wav,2.5733090961247194
audio_81.wav,4.172323007588837
audio_166.wav,2.7402191015617614
audio_202.wav,2.923598546715213
audio_185.wav,2.928117407299298
audio_9.wav,2.215889177409808
audio_207.wav,2.3434026508605204
audio_127.wav,2.7087182333662714
audio_12.wav,2.7900738817503843
audio_132.wav,2.8671029754018362
audio_109.wav,2.415135789035137
audio_32.wav,3.753662360160555
audio_178.wav,3.3400235316595572
audio_61.wav,2.970911443387656
audio_34.wav,3.6081976007878445
audio_106.wav,2.2204608178866407
audio_49.wav,4.307375033215607
audio_149.wav,3.452595726082601
audio_30.wav,3.9494878912631832
audio_131.wav,2.925781782913952
audio_162.wav,2.496601103897721
audio_204.wav,3.5900025124123323
audio_198.wav,3.2287929991728848
audio_135.wav,3.6568774088767517
audio_187.wav,2.8538003615826595
audio_3.wav,2.7333088012928184
audio_98.wav,4.021449848406274
audio_159.wav,3.2858890067839095
audio_167.wav,2.0495587603353926
audio_205.wav,2.585432520459023
audio_95.wav,3.0439813136519374
audio_68.wav,4.402446661897879
audio_31.wav,4.169826311887692
audio_157.wav,3.204903150130696
audio_89.wav,3.7028419087414277
audio_82.wav,3.6956022964410593
audio_53.wav,2.7976234549481322
audio_37.wav,4.329913880885195
audio_113.wav,2.4081209446204146
audio_85.wav,4.651067892261258
audio_173.wav,4.38694375597299
audio_41.wav,3.7951605567612363
audio_51.wav,2.494756166644192
audio_143.wav,3.4740877703557937
audio_92.wav,3.786526285730869
audio_74.wav,4.68863642862969
audio_0.wav,3.369721503900014
audio_147.wav,3.425717803703923
audio_130.wav,2.3160887319078522
audio_192.wav,1.7233363241768849
audio_43.wav,4.845631782753113
audio_65.wav,2.638602300027251
audio_14.wav,3.0455467470276547
audio_117.wav,3.7725534287804505
audio_212.wav,2.532370159136888
audio_79.wav,3.735483659710082
audio_171.wav,2.697342273738269
audio_60.wav,2.9925862712381317
audio_153.wav,3.2808802260699252
audio_176.wav,3.1413175129254793
audio_2.wav,2.8520666110881314
audio_50.wav,4.264834043350766
audio_29.wav,2.6519394418089286
audio_142.wav,4.20088262316255
audio_47.wav,3.3129553017374915
audio_84.wav,4.5730609500293
audio_164.wav,2.3030053740561534
audio_48.wav,3.892570053833731
audio_189.wav,3.1300076055360226
audio_151.wav,3.359926816806348
audio_66.wav,2.0936094891739767
audio_44.wav,3.7538034328006953
audio_150.wav,3.390596121453409
audio_87.wav,3.7584069695317206
audio_99.wav,3.0603059427522554
audio_62.wav,3.436312655612875
audio_20.wav,3.0284503380859777
audio_124.wav,2.6410636730984693
audio_54.wav,2.9020218803857136
audio_45.wav,4.97354729210754
audio_71.wav,4.333815342026533
audio_184.wav,2.783903552173037
audio_24.wav,2.4704319431574926
audio_140.wav,3.6041641787654513
audio_165.wav,2.513610799274352
audio_170.wav,2.570343339994666
