cola_mean_prob,cola_min_prob,cola_max_prob,cola_std_prob,cola_error_count,cola_error_rate,cola_clean_rate,cola_severe_errors,filename
0.3040441572666168,0.07819635421037674,0.4911547005176544,0.16956663131713867,4,1.0,0.0,2,audio_192.wav
0.4295710623264313,0.07018954306840897,0.9696986675262451,0.3320627212524414,5,0.7142857142857143,0.2857142857142857,3,audio_436.wav
0.6609260439872742,0.2058483362197876,0.9809069037437439,0.31795018911361694,5,0.4166666666666667,0.5,1,audio_447.wav
0.27963101863861084,0.09196068346500397,0.5842423439025879,0.17890335619449615,4,0.8,0.0,2,audio_126.wav
0.25259557366371155,0.05613201856613159,0.5407170057296753,0.20817705988883972,2,0.6666666666666666,0.0,2,audio_61.wav
0.3944762647151947,0.24401497840881348,0.5734153389930725,0.13597643375396729,2,0.6666666666666666,0.0,1,audio_639.wav
0.6269060373306274,0.09884948283433914,0.9830747246742249,0.35768643021583557,7,0.4117647058823529,0.5294117647058824,4,audio_703.wav
0.6940130591392517,0.16178004443645477,0.9825133085250854,0.2752653658390045,3,0.2727272727272727,0.2727272727272727,1,audio_509.wav
0.6639796495437622,0.18429598212242126,0.9766542315483093,0.3222997188568115,3,0.375,0.5,1,audio_672.wav
0.6874334216117859,0.22372332215309143,0.9634575247764587,0.3083136975765228,2,0.3333333333333333,0.5,1,audio_344.wav
0.30261895060539246,0.09879747033119202,0.45509785413742065,0.14992117881774902,3,1.0,0.0,1,audio_592.wav
0.5461791753768921,0.08757361024618149,0.979918360710144,0.4097546637058258,3,0.5,0.5,3,audio_705.wav
0.47394850850105286,0.04963088408112526,0.9675344824790955,0.4059423506259918,2,0.5,0.25,2,audio_497.wav
0.3457140028476715,0.0718148872256279,0.7135222554206848,0.2501784563064575,3,0.75,0.0,2,audio_702.wav
0.18410804867744446,0.05769704282283783,0.4660899043083191,0.14621761441230774,5,1.0,0.0,4,audio_598.wav
0.25326985120773315,0.07934962213039398,0.4271900951862335,0.17392022907733917,2,1.0,0.0,1,audio_99.wav
0.7648212313652039,0.47972774505615234,0.9760982394218445,0.20925670862197876,1,0.3333333333333333,0.3333333333333333,0,audio_194.wav
0.7014865279197693,0.4416029751300812,0.9613701105117798,0.2598835527896881,1,0.5,0.5,0,audio_5055.wav
0.5132537484169006,0.055169153958559036,0.9739945530891418,0.40113723278045654,5,0.45454545454545453,0.36363636363636365,5,audio_178.wav
0.7865290641784668,0.5926493406295776,0.9803199768066406,0.19288776814937592,0,0.0,0.5,0,audio_609.wav
0.6737688779830933,0.0756777673959732,0.9777305126190186,0.3214886784553528,1,0.2,0.4,1,audio_77.wav
0.5138784050941467,0.13745319843292236,0.9692922830581665,0.28093305230140686,3,0.5,0.16666666666666666,1,audio_18.wav
0.8600131869316101,0.5384731292724609,0.978495180606842,0.13915959000587463,0,0.0,0.8571428571428571,0,audio_9.wav
0.5414481163024902,0.11073514819145203,0.9663031101226807,0.34930872917175293,1,0.3333333333333333,0.3333333333333333,1,audio_138.wav
0.6110620498657227,0.10312855988740921,0.9722585678100586,0.3298550248146057,4,0.4,0.4,2,audio_269.wav
0.46207699179649353,0.11942027509212494,0.8397337794303894,0.2511996328830719,3,0.6,0.0,1,audio_717.wav
0.6144132018089294,0.05261857435107231,0.979949951171875,0.36720767617225647,4,0.36363636363636365,0.36363636363636365,3,audio_529.wav
0.21056519448757172,0.0437665693461895,0.5075406432151794,0.14466838538646698,6,0.8571428571428571,0.0,5,audio_578.wav
0.1301598697900772,0.09307777136564255,0.16724197566509247,0.03708210214972496,2,1.0,0.0,2,audio_171.wav
0.4105018079280853,0.08775409311056137,0.974746823310852,0.3169917166233063,4,0.8,0.2,2,audio_596.wav
0.9172672629356384,0.9172672629356384,0.9172672629356384,0.0,0,0.0,1.0,0,audio_5066.wav
0.3995116651058197,0.09898139536380768,0.9495733380317688,0.29228729009628296,4,0.6666666666666666,0.16666666666666666,3,audio_501.wav
0.41071462631225586,0.18030308187007904,0.755789577960968,0.2195795774459839,3,0.6,0.0,2,audio_8.wav
0.8479700684547424,0.12184204161167145,0.9832069873809814,0.2694384753704071,2,0.18181818181818182,0.8181818181818182,1,audio_84.wav
0.6055545210838318,0.4405319094657898,0.9349538683891296,0.23292070627212524,2,0.6666666666666666,0.3333333333333333,0,audio_11.wav
0.3151635229587555,0.10626515001058578,0.524061918258667,0.2088983803987503,1,0.5,0.0,1,audio_142.wav
0.829132080078125,0.09227381646633148,0.9760805368423462,0.2534857988357544,1,0.1,0.7,1,audio_610.wav
0.40083789825439453,0.1047593504190445,0.8538706302642822,0.2480206936597824,5,0.7142857142857143,0.14285714285714285,3,audio_654.wav
0.34905949234962463,0.05158429965376854,0.9764567613601685,0.3171634376049042,6,0.6666666666666666,0.1111111111111111,5,audio_170.wav
0.4595291018486023,0.059404537081718445,0.9634758234024048,0.344972163438797,2,0.4,0.2,2,audio_255.wav
0.4705571234226227,0.11864002048969269,0.9750030040740967,0.393853098154068,3,0.6,0.4,3,audio_162.wav
0.9172672629356384,0.9172672629356384,0.9172672629356384,0.0,0,0.0,1.0,0,audio_5069.wav
0.8367061614990234,0.6420886516571045,0.9766156673431396,0.13035929203033447,0,0.0,0.6,0,audio_769.wav
0.5341907739639282,0.04752594232559204,0.9752703905105591,0.37921103835105896,3,0.42857142857142855,0.2857142857142857,3,audio_720.wav
0.6268155574798584,0.3201097846031189,0.91440349817276,0.22154882550239563,1,0.2,0.2,0,audio_623.wav
0.4053846299648285,0.06920202076435089,0.9223095178604126,0.2935425937175751,6,0.6666666666666666,0.1111111111111111,3,audio_718.wav
0.5964449644088745,0.15302421152591705,0.9791415333747864,0.33426961302757263,4,0.5,0.375,2,audio_136.wav
0.5416059494018555,0.1275351345539093,0.9684962630271912,0.34344059228897095,1,0.3333333333333333,0.3333333333333333,1,audio_119.wav
0.49796658754348755,0.11139164119958878,0.8113594651222229,0.3029129207134247,2,0.4,0.0,2,audio_542.wav
0.9172672629356384,0.9172672629356384,0.9172672629356384,0.0,0,0.0,1.0,0,audio_5073.wav
0.1421322524547577,0.08819196373224258,0.1960725337266922,0.05394028499722481,2,1.0,0.0,2,audio_322.wav
0.08765234798192978,0.08765234798192978,0.08765234798192978,0.0,1,1.0,0.0,1,audio_5039.wav
0.1389722377061844,0.09261472523212433,0.20225076377391815,0.046330373734235764,3,1.0,0.0,3,audio_707.wav
0.14818628132343292,0.06118564307689667,0.24640710651874542,0.0720493346452713,4,1.0,0.0,4,audio_148.wav
0.4779241383075714,0.12581577897071838,0.8334422707557678,0.2888973653316498,2,0.6666666666666666,0.0,1,audio_316.wav
0.5208072662353516,0.2816507816314697,0.6890603303909302,0.13287381827831268,1,0.2,0.0,0,audio_647.wav
0.6544843912124634,0.1971643567085266,0.9789108037948608,0.31907621026039124,4,0.4,0.5,1,audio_286.wav
0.14840354025363922,0.09424213320016861,0.1941772848367691,0.03989182412624359,4,1.0,0.0,4,audio_92.wav
0.242073193192482,0.15966305136680603,0.31684523820877075,0.05317101627588272,6,1.0,0.0,3,audio_462.wav
0.8417723774909973,0.4871356189250946,0.9855114221572876,0.18656355142593384,1,0.14285714285714285,0.5714285714285714,0,audio_376.wav
0.4514786899089813,0.4514786899089813,0.4514786899089813,0.0,1,1.0,0.0,0,audio_76.wav
0.16278478503227234,0.13745790719985962,0.18811164796352386,0.025326870381832123,2,1.0,0.0,2,audio_105.wav
0.15503627061843872,0.08759035915136337,0.239851713180542,0.062457043677568436,4,1.0,0.0,4,audio_355.wav
0.16204094886779785,0.04600664600729942,0.28795164823532104,0.09902020543813705,3,1.0,0.0,2,audio_663.wav
0.43563342094421387,0.059930622577667236,0.9647339582443237,0.33713874220848083,3,0.75,0.25,1,audio_767.wav
0.7294419407844543,0.27929651737213135,0.9736165404319763,0.28183409571647644,2,0.2857142857142857,0.5714285714285714,0,audio_655.wav
0.7903141975402832,0.22138871252536774,0.9742442965507507,0.2702474892139435,1,0.16666666666666666,0.6666666666666666,1,audio_372.wav
0.7891018986701965,0.1402386873960495,0.9814768433570862,0.28534671664237976,2,0.2222222222222222,0.6666666666666666,1,audio_667.wav
0.41251203417778015,0.04336487129330635,0.9637157917022705,0.3733283281326294,7,0.6363636363636364,0.2727272727272727,7,audio_517.wav
0.7701445817947388,0.17927584052085876,0.9780298471450806,0.30437037348747253,1,0.2,0.6,1,audio_765.wav
0.8025978803634644,0.19876112043857574,0.9759690165519714,0.302980899810791,1,0.2,0.8,1,audio_38.wav
0.8235443234443665,0.16518555581569672,0.9843533635139465,0.23671866953372955,1,0.1,0.6,1,audio_371.wav
0.42458292841911316,0.13557927310466766,0.9153024554252625,0.3488161265850067,2,0.6666666666666666,0.3333333333333333,2,audio_507.wav
0.9172672629356384,0.9172672629356384,0.9172672629356384,0.0,0,0.0,1.0,0,audio_5056.wav
0.5043210387229919,0.1169666051864624,0.9650191068649292,0.3003554344177246,3,0.5,0.16666666666666666,1,audio_282.wav
0.3815377354621887,0.10306619107723236,0.9748665690422058,0.3792049288749695,7,0.7,0.3,7,audio_459.wav
0.854184091091156,0.40987294912338257,0.9855217933654785,0.20978005230426788,1,0.16666666666666666,0.6666666666666666,0,audio_303.wav
0.7290529608726501,0.2193821668624878,0.9805013537406921,0.28855347633361816,1,0.2,0.6,1,audio_297.wav
0.4674821197986603,0.03957715258002281,0.9569360017776489,0.3730788826942444,3,0.5,0.3333333333333333,3,audio_432.wav
0.46831369400024414,0.061272431164979935,0.9792776703834534,0.3752267360687256,4,0.6666666666666666,0.3333333333333333,2,audio_454.wav
0.5308793783187866,0.10897020250558853,0.9767829179763794,0.31342989206314087,5,0.5555555555555556,0.2222222222222222,2,audio_482.wav
0.261566162109375,0.07417820394039154,0.537109911441803,0.16599249839782715,5,0.8333333333333334,0.0,3,audio_484.wav
0.20906785130500793,0.08512984216213226,0.29115891456604004,0.07901433855295181,4,1.0,0.0,2,audio_757.wav
0.7274861931800842,0.23650631308555603,0.9778106212615967,0.3249923586845398,2,0.3333333333333333,0.6666666666666666,1,audio_773.wav
0.7818297743797302,0.18613189458847046,0.9764888882637024,0.2749484181404114,2,0.2,0.7,1,audio_668.wav
0.3291897773742676,0.08295518159866333,0.9697737693786621,0.37039849162101746,3,0.75,0.25,3,audio_240.wav
0.36970388889312744,0.044499222189188004,0.8813382387161255,0.2773053050041199,4,0.8,0.2,1,audio_163.wav
0.5979388356208801,0.08549764752388,0.9724891781806946,0.36918720602989197,2,0.3333333333333333,0.3333333333333333,2,audio_659.wav
0.17069445550441742,0.17069445550441742,0.17069445550441742,0.0,1,1.0,0.0,1,audio_532.wav
0.3507971465587616,0.03975411131978035,0.9629994034767151,0.36113211512565613,6,0.6666666666666666,0.2222222222222222,6,audio_464.wav
0.5773400664329529,0.2764263451099396,0.8782538175582886,0.3009137511253357,1,0.5,0.5,0,audio_5.wav
0.17216870188713074,0.0757051557302475,0.2717462480068207,0.08095792680978775,5,1.0,0.0,3,audio_231.wav
0.6733047962188721,0.12226147949695587,0.9351224899291992,0.25955092906951904,2,0.2222222222222222,0.3333333333333333,1,audio_384.wav
0.910733163356781,0.8473958373069763,0.9725031852722168,0.04474195837974548,0,0.0,0.75,0,audio_54.wav
0.8310152292251587,0.28089097142219543,0.9818589091300964,0.27548545598983765,1,0.2,0.8,0,audio_656.wav
0.29052409529685974,0.06801928579807281,0.7714731693267822,0.2363915592432022,5,0.8333333333333334,0.0,4,audio_444.wav
0.7700033187866211,0.12468667328357697,0.9793483018875122,0.2773434817790985,2,0.2222222222222222,0.5555555555555556,1,audio_5062.wav
0.3309469223022461,0.22028501331806183,0.48864269256591797,0.10583193600177765,4,1.0,0.0,1,audio_312.wav
0.565674901008606,0.11194837093353271,0.9835260510444641,0.41104504466056824,4,0.5,0.5,4,audio_120.wav
0.26080456376075745,0.07272254675626755,0.5868548154830933,0.18040040135383606,4,0.8,0.0,2,audio_446.wav
0.5304432511329651,0.05279124900698662,0.9799354672431946,0.37902843952178955,1,0.3333333333333333,0.3333333333333333,1,audio_546.wav
0.5563624501228333,0.10416381806135178,0.9742906093597412,0.29950371384620667,4,0.5714285714285714,0.2857142857142857,1,audio_430.wav
0.6095682978630066,0.11848728358745575,0.9286565184593201,0.30923303961753845,3,0.42857142857142855,0.42857142857142855,1,audio_179.wav
0.5875462293624878,0.068021759390831,0.933603823184967,0.3360661566257477,2,0.3333333333333333,0.3333333333333333,2,audio_674.wav
0.5519612431526184,0.1654994785785675,0.9635949730873108,0.37807929515838623,3,0.5,0.5,3,audio_737.wav
0.5592864155769348,0.07297354936599731,0.9787858724594116,0.3663213551044464,7,0.5,0.35714285714285715,4,audio_669.wav
0.20683257281780243,0.055470991879701614,0.48904696106910706,0.15155558288097382,6,1.0,0.0,4,audio_540.wav
0.28063222765922546,0.03189759701490402,0.8800040483474731,0.2990874648094177,5,0.8333333333333334,0.16666666666666666,4,audio_692.wav
0.2243194580078125,0.09512431919574738,0.3914570212364197,0.1285540759563446,4,1.0,0.0,2,audio_572.wav
0.1381286233663559,0.05917728692293167,0.2308555394411087,0.06090354546904564,6,1.0,0.0,6,audio_479.wav
0.16575734317302704,0.1290949285030365,0.20241975784301758,0.03666241466999054,2,1.0,0.0,2,audio_419.wav
0.1393190175294876,0.1393190175294876,0.1393190175294876,0.0,1,1.0,0.0,1,audio_5037.wav
0.22732548415660858,0.07129248231649399,0.38776785135269165,0.14269845187664032,4,1.0,0.0,2,audio_433.wav
0.6539258360862732,0.18498845398426056,0.9753182530403137,0.2969822287559509,4,0.4,0.4,1,audio_405.wav
0.7472473978996277,0.41714558005332947,0.972735583782196,0.2082383632659912,1,0.2,0.4,0,audio_267.wav
0.6002951860427856,0.16950245201587677,0.9729191064834595,0.32613301277160645,4,0.5,0.375,2,audio_358.wav
0.6977023482322693,0.11577552556991577,0.9805513620376587,0.33846932649612427,3,0.375,0.625,1,audio_331.wav
0.12601211667060852,0.12601211667060852,0.12601211667060852,0.0,1,1.0,0.0,1,audio_487.wav
0.2512509226799011,0.06505674123764038,0.5537530183792114,0.18911167979240417,4,0.8,0.0,3,audio_494.wav
0.33279985189437866,0.04337194189429283,0.9017454385757446,0.3015764355659485,5,0.7142857142857143,0.14285714285714285,4,audio_536.wav
0.41817355155944824,0.08989360183477402,0.7178256511688232,0.2209390103816986,3,0.6,0.0,1,audio_634.wav
0.5470921993255615,0.15538036823272705,0.9494513869285583,0.28266671299934387,2,0.3333333333333333,0.16666666666666666,2,audio_317.wav
0.09985169023275375,0.09985169023275375,0.09985169023275375,0.0,1,1.0,0.0,1,audio_5054.wav
0.7960793972015381,0.5565244555473328,0.905411422252655,0.11200892925262451,0,0.0,0.3333333333333333,0,audio_723.wav
0.49156391620635986,0.18630021810531616,0.8628259897232056,0.24797402322292328,5,0.625,0.25,2,audio_155.wav
0.399558961391449,0.08421126008033752,0.9179861545562744,0.327883780002594,3,0.6,0.2,2,audio_410.wav
0.5396813750267029,0.2000119537115097,0.8793508410453796,0.33966943621635437,1,0.5,0.5,1,audio_251.wav
0.6750163435935974,0.06523801386356354,0.9668663740158081,0.3537394106388092,2,0.2857142857142857,0.5714285714285714,2,audio_779.wav
0.38912007212638855,0.12333135306835175,0.8178932666778564,0.3060795068740845,2,0.6666666666666666,0.0,2,audio_382.wav
0.2881520390510559,0.045883502811193466,0.9355438351631165,0.3335995674133301,4,0.8,0.2,3,audio_559.wav
0.4881470501422882,0.4881470501422882,0.4881470501422882,0.0,1,1.0,0.0,0,audio_161.wav
0.27282896637916565,0.03246774151921272,0.9744421243667603,0.30467602610588074,10,0.8333333333333334,0.08333333333333333,8,audio_535.wav
0.8124365210533142,0.2477259784936905,0.9787454605102539,0.2742086946964264,2,0.18181818181818182,0.7272727272727273,1,audio_363.wav
0.4465729892253876,0.1672336757183075,0.9612962007522583,0.30582091212272644,3,0.75,0.25,1,audio_5057.wav
0.8520960807800293,0.21782001852989197,0.9821136593818665,0.22168880701065063,2,0.125,0.6875,1,audio_660.wav
0.8105829358100891,0.47805166244506836,0.966421365737915,0.18843720853328705,1,0.16666666666666666,0.6666666666666666,0,audio_293.wav
0.7237341403961182,0.33726730942726135,0.9682719707489014,0.24188512563705444,1,0.25,0.5,0,audio_74.wav
0.5683715343475342,0.13180702924728394,0.9836176633834839,0.3200549781322479,2,0.4,0.4,1,audio_215.wav
0.48658397793769836,0.09310378134250641,0.9781568050384521,0.3630545437335968,4,0.6666666666666666,0.3333333333333333,2,audio_228.wav
0.06601151823997498,0.06601151823997498,0.06601151823997498,0.0,1,1.0,0.0,1,audio_602.wav
0.12851901352405548,0.1255781650543213,0.13145986199378967,0.002940848469734192,2,1.0,0.0,2,audio_396.wav
0.4818333089351654,0.06002751365303993,0.9764494895935059,0.35458508133888245,4,0.5714285714285714,0.2857142857142857,3,audio_576.wav
0.3566521406173706,0.06352446228265762,0.9285079836845398,0.35418304800987244,4,0.6666666666666666,0.16666666666666666,4,audio_5040.wav
0.45196422934532166,0.055044062435626984,0.9546352624893188,0.3790678381919861,3,0.6,0.4,2,audio_198.wav
0.510905921459198,0.0785551518201828,0.9738948345184326,0.2844703495502472,4,0.4444444444444444,0.1111111111111111,2,audio_600.wav
0.7978370785713196,0.4294379949569702,0.9800573587417603,0.19871628284454346,1,0.2,0.4,0,audio_710.wav
0.4659467935562134,0.07816927134990692,0.8823362588882446,0.30444246530532837,2,0.5,0.25,1,audio_246.wav
0.46378105878829956,0.03747263178229332,0.975456714630127,0.3568618595600128,5,0.625,0.375,3,audio_490.wav
0.7968693375587463,0.33280521631240845,0.981278121471405,0.2491319328546524,1,0.16666666666666666,0.6666666666666666,0,audio_657.wav
0.9739977717399597,0.9637523293495178,0.9794842600822449,0.006101225037127733,0,0.0,1.0,0,audio_688.wav
0.5626257658004761,0.11451299488544464,0.8965816497802734,0.23958982527256012,3,0.375,0.25,1,audio_698.wav
0.1034056693315506,0.08236801624298096,0.12444332987070084,0.02103765681385994,2,1.0,0.0,2,audio_499.wav
0.4463881552219391,0.12591126561164856,0.9733303785324097,0.34292036294937134,7,0.7,0.3,5,audio_463.wav
0.511175274848938,0.14770390093326569,0.9304916262626648,0.256300151348114,4,0.5714285714285714,0.14285714285714285,1,audio_604.wav
0.7914727926254272,0.15609042346477509,0.9811780452728271,0.278486043214798,1,0.125,0.625,1,audio_97.wav
0.44989195466041565,0.13586385548114777,0.9190117716789246,0.3380041718482971,2,0.6666666666666666,0.3333333333333333,1,audio_234.wav
0.866308867931366,0.6113844513893127,0.9720978736877441,0.1254076212644577,0,0.0,0.6666666666666666,0,audio_782.wav
0.6215476393699646,0.08746816962957382,0.9767579436302185,0.31947946548461914,5,0.5,0.4,1,audio_758.wav
0.7106785178184509,0.19992059469223022,0.9740954637527466,0.29229238629341125,2,0.2857142857142857,0.5714285714285714,1,audio_727.wav
0.49815696477890015,0.4870831072330475,0.5092308521270752,0.011073872447013855,1,0.5,0.0,0,audio_643.wav
0.545211672782898,0.15359026193618774,0.9734463691711426,0.318729966878891,3,0.5,0.3333333333333333,1,audio_261.wav
0.6990554928779602,0.16158072650432587,0.9827293157577515,0.32452821731567383,2,0.2222222222222222,0.5555555555555556,2,audio_205.wav
0.3026127815246582,0.10576125979423523,0.9691073894500732,0.33393800258636475,4,0.8,0.2,4,audio_128.wav
0.8031371831893921,0.6043345332145691,0.9765855073928833,0.13885486125946045,0,0.0,0.4,0,audio_650.wav
0.6661738157272339,0.12085240334272385,0.9517783522605896,0.2936212718486786,1,0.2,0.2,1,audio_35.wav
0.2869041860103607,0.11427775770425797,0.4794099032878876,0.14972588419914246,3,1.0,0.0,1,audio_141.wav
0.520301878452301,0.10817492008209229,0.9250018000602722,0.28783556818962097,4,0.5714285714285714,0.2857142857142857,2,audio_260.wav
0.7546100616455078,0.23520953953266144,0.9758692383766174,0.2799854874610901,2,0.25,0.625,1,audio_722.wav
0.07786331325769424,0.07786331325769424,0.07786331325769424,0.0,1,1.0,0.0,1,audio_5047.wav
0.8394750952720642,0.6765090227127075,0.9718015789985657,0.11244596540927887,0,0.0,0.42857142857142855,0,audio_324.wav
0.7970842123031616,0.2173975706100464,0.979716956615448,0.24072813987731934,1,0.1111111111111111,0.5555555555555556,1,audio_279.wav
0.5871254801750183,0.18017815053462982,0.9658907055854797,0.2795369029045105,3,0.5,0.3333333333333333,1,audio_450.wav
0.7013086676597595,0.3307499885559082,0.9602795243263245,0.26343485713005066,2,0.3333333333333333,0.5,0,audio_32.wav
0.20530571043491364,0.20530571043491364,0.20530571043491364,0.0,1,1.0,0.0,1,audio_254.wav
0.0905340239405632,0.07245965301990509,0.10860839486122131,0.01807437092065811,2,1.0,0.0,2,audio_544.wav
0.6461279988288879,0.09452614188194275,0.9731842875480652,0.31379449367523193,4,0.3076923076923077,0.3076923076923077,2,audio_176.wav
0.7327454686164856,0.052382174879312515,0.9837400317192078,0.33489134907722473,2,0.2857142857142857,0.5714285714285714,1,audio_301.wav
0.42789381742477417,0.046500805765390396,0.9744902849197388,0.3456355929374695,5,0.625,0.25,3,audio_213.wav
0.732286274433136,0.1876944750547409,0.9792628288269043,0.31169065833091736,1,0.2,0.6,1,audio_295.wav
0.884179949760437,0.5075584053993225,0.9769193530082703,0.14932715892791748,0,0.0,0.75,0,audio_40.wav
0.2284805327653885,0.04779037460684776,0.8307661414146423,0.30275827646255493,4,0.8,0.0,4,audio_496.wav
0.5348271727561951,0.06071104481816292,0.9791092872619629,0.41780194640159607,2,0.5,0.5,2,audio_45.wav
0.49332594871520996,0.1737644076347351,0.979079008102417,0.29189014434814453,3,0.6,0.2,2,audio_146.wav
0.6111659407615662,0.09586485475301743,0.9781257510185242,0.33691027760505676,2,0.4,0.4,1,audio_415.wav
0.47459912300109863,0.09237250685691833,0.9562680721282959,0.28516122698783875,3,0.6,0.2,1,audio_595.wav
0.7836929559707642,0.3685649335384369,0.972453773021698,0.18130294978618622,1,0.1,0.4,0,audio_783.wav
0.7261492013931274,0.10464481264352798,0.9764334559440613,0.28993499279022217,2,0.2222222222222222,0.5555555555555556,1,audio_673.wav
0.33439263701438904,0.20133860409259796,0.4674466848373413,0.13305403292179108,2,1.0,0.0,1,audio_48.wav
0.6722180247306824,0.17775046825408936,0.981823205947876,0.333872526884079,2,0.2857142857142857,0.42857142857142855,2,audio_777.wav
0.7442125678062439,0.0849437341094017,0.9771222472190857,0.28505340218544006,2,0.2222222222222222,0.5555555555555556,1,audio_330.wav
0.7201905250549316,0.32867082953453064,0.9662068486213684,0.2606940269470215,1,0.25,0.5,0,audio_200.wav
0.7461714744567871,0.2904201149940491,0.9778615832328796,0.2379342019557953,1,0.16666666666666666,0.3333333333333333,0,audio_259.wav
0.18173395097255707,0.03339932858943939,0.37040814757347107,0.15115094184875488,5,1.0,0.0,3,audio_721.wav
0.6269258856773376,0.09918314218521118,0.9481741786003113,0.31828176975250244,2,0.4,0.4,1,audio_223.wav
0.5820030570030212,0.03315366059541702,0.9772250056266785,0.334481418132782,4,0.4444444444444444,0.3333333333333333,2,audio_175.wav
0.8854767084121704,0.650714099407196,0.977827250957489,0.1359875202178955,0,0.0,0.75,0,audio_400.wav
0.3136345446109772,0.18651799857616425,0.5029335021972656,0.13645434379577637,2,0.6666666666666666,0.0,1,audio_506.wav
0.5596632957458496,0.1889258325099945,0.9304007887840271,0.3707374930381775,1,0.5,0.5,1,audio_153.wav
0.6108903884887695,0.08529852330684662,0.9748073220252991,0.3482655882835388,5,0.4166666666666667,0.4166666666666667,3,audio_5050.wav
0.7950155735015869,0.04708756506443024,0.979601263999939,0.271732896566391,1,0.09090909090909091,0.6363636363636364,1,audio_281.wav
0.6277074813842773,0.21597345173358917,0.9580246210098267,0.2504297196865082,3,0.375,0.375,1,audio_543.wav
0.32966968417167664,0.04922601953148842,0.5144929885864258,0.19876694679260254,5,0.8333333333333334,0.0,2,audio_445.wav
0.6291731595993042,0.09639932215213776,0.9809432625770569,0.3879089057445526,2,0.4,0.6,2,audio_124.wav
0.31680554151535034,0.17015650868415833,0.46345457434654236,0.14664903283119202,2,1.0,0.0,1,audio_249.wav
0.19362428784370422,0.05616946890950203,0.5062329769134521,0.18179768323898315,3,0.75,0.0,3,audio_420.wav
0.6689847111701965,0.11942197382450104,0.9806573987007141,0.35301414132118225,3,0.42857142857142855,0.5714285714285714,1,audio_203.wav
0.5409666299819946,0.05705658346414566,0.97139972448349,0.3977130055427551,2,0.4,0.4,2,audio_278.wav
0.44529756903648376,0.08687532693147659,0.9743883609771729,0.29227563738822937,6,0.6666666666666666,0.1111111111111111,3,audio_516.wav
0.49542999267578125,0.10347935557365417,0.9773935079574585,0.3521221876144409,3,0.6,0.2,2,audio_326.wav
0.5290838479995728,0.11704813688993454,0.9616501331329346,0.30801481008529663,5,0.625,0.25,2,audio_603.wav
0.6347531676292419,0.07488356530666351,0.9767627120018005,0.3731056749820709,1,0.25,0.5,1,audio_199.wav
0.424503356218338,0.1302928775548935,0.933319628238678,0.36125215888023376,2,0.6666666666666666,0.3333333333333333,2,audio_406.wav
0.40952229499816895,0.06261659413576126,0.9438274502754211,0.2918229103088379,6,0.6,0.1,5,audio_538.wav
0.6875448226928711,0.15450024604797363,0.9830747246742249,0.34007954597473145,3,0.375,0.625,2,audio_631.wav
0.9172672629356384,0.9172672629356384,0.9172672629356384,0.0,0,0.0,1.0,0,audio_5061.wav
0.9524455070495605,0.9058796763420105,0.9763547778129578,0.03293095901608467,0,0.0,1.0,0,audio_196.wav
0.7669122219085693,0.15702374279499054,0.9787498116493225,0.2960074841976166,2,0.2222222222222222,0.6666666666666666,1,audio_756.wav
0.9632845520973206,0.9375846982002258,0.9785282015800476,0.01595536805689335,0,0.0,1.0,0,audio_649.wav
0.3214772343635559,0.09847831726074219,0.5444761514663696,0.22299891710281372,1,0.5,0.0,1,audio_27.wav
0.8677661418914795,0.33295339345932007,0.9829496145248413,0.21996042132377625,2,0.18181818181818182,0.8181818181818182,0,audio_681.wav
0.28239408135414124,0.05304734408855438,0.9613593220710754,0.34170830249786377,4,0.8,0.2,4,audio_556.wav
0.5457531213760376,0.15020820498466492,0.9409390687942505,0.3097154200077057,2,0.4,0.2,2,audio_185.wav
0.6744992136955261,0.4383234679698944,0.9121123552322388,0.19012081623077393,1,0.2,0.4,0,audio_369.wav
0.6960609555244446,0.26239150762557983,0.970754861831665,0.3328878879547119,2,0.4,0.6,0,audio_241.wav
0.5682387351989746,0.16176335513591766,0.9747141003608704,0.40647536516189575,1,0.5,0.5,1,audio_98.wav
0.7827814817428589,0.19701410830020905,0.980882465839386,0.26802265644073486,1,0.125,0.625,1,audio_389.wav
0.7955273389816284,0.15090440213680267,0.9825031757354736,0.2924710214138031,2,0.25,0.75,1,audio_357.wav
0.6426303386688232,0.26142987608909607,0.9706678986549377,0.3003193438053131,2,0.5,0.5,0,audio_112.wav
0.528172492980957,0.057800572365522385,0.9449028968811035,0.385468065738678,2,0.5,0.5,2,audio_675.wav
0.738416850566864,0.17583589255809784,0.9463682174682617,0.29453402757644653,1,0.2,0.6,1,audio_113.wav
0.5891076922416687,0.1088964119553566,0.9782950282096863,0.35786309838294983,4,0.4444444444444444,0.3333333333333333,3,audio_483.wav
0.3156958222389221,0.04818573594093323,0.9008340239524841,0.30884358286857605,5,0.7142857142857143,0.14285714285714285,5,audio_474.wav
0.6892880797386169,0.23235364258289337,0.976938784122467,0.31111279129981995,3,0.375,0.5,2,audio_725.wav
0.519771933555603,0.06412982195615768,0.9800297617912292,0.40789794921875,4,0.5714285714285714,0.42857142857142855,3,audio_774.wav
0.0913894772529602,0.060078032314777374,0.12270092219114304,0.03131144493818283,2,1.0,0.0,2,audio_588.wav
0.40995606780052185,0.08440021425485611,0.9787424802780151,0.35704052448272705,6,0.6666666666666666,0.2222222222222222,5,audio_395.wav
0.7230802178382874,0.25375524163246155,0.9583781361579895,0.2776116728782654,2,0.2857142857142857,0.5714285714285714,0,audio_210.wav
0.5487226843833923,0.052077073603868484,0.9818920493125916,0.4168003797531128,6,0.5,0.5,5,audio_309.wav
0.5065898299217224,0.1539791077375412,0.6745849847793579,0.18815290927886963,1,0.2,0.0,1,audio_457.wav
0.17216035723686218,0.045249685645103455,0.28450003266334534,0.08824778348207474,7,1.0,0.0,5,audio_492.wav
0.454709529876709,0.17680932581424713,0.9267299771308899,0.3355167806148529,2,0.6666666666666666,0.3333333333333333,1,audio_738.wav
0.8583905696868896,0.14779016375541687,0.9819081425666809,0.2531884014606476,1,0.1111111111111111,0.8888888888888888,1,audio_305.wav
0.143799290060997,0.0712604746222496,0.2243393063545227,0.0542854443192482,4,1.0,0.0,4,audio_123.wav
0.11752567440271378,0.11752567440271378,0.11752567440271378,0.0,1,1.0,0.0,1,audio_5053.wav
0.42513418197631836,0.14509819447994232,0.977857232093811,0.33332177996635437,3,0.75,0.25,2,audio_89.wav
0.23744092881679535,0.14659182727336884,0.29476067423820496,0.06497006863355637,3,1.0,0.0,1,audio_747.wav
0.19791004061698914,0.03796859830617905,0.9254025816917419,0.2781999707221985,7,0.875,0.125,7,audio_115.wav
0.5718264579772949,0.06726931780576706,0.9355623126029968,0.32585448026657104,1,0.25,0.25,1,audio_235.wav
0.36050987243652344,0.07896681874990463,0.6470387578010559,0.2650207579135895,2,0.5,0.0,2,audio_414.wav
0.4442749321460724,0.1200447604060173,0.7685050964355469,0.3242301642894745,1,0.5,0.0,1,audio_56.wav
0.5715252757072449,0.13685259222984314,0.975970983505249,0.3190394639968872,2,0.2857142857142857,0.2857142857142857,2,audio_43.wav
0.7205178737640381,0.47824719548225403,0.9748302102088928,0.20031045377254486,1,0.25,0.5,0,audio_394.wav
0.17313441634178162,0.0606827475130558,0.4142419099807739,0.14060279726982117,4,1.0,0.0,3,audio_423.wav
0.08069838583469391,0.05484003573656082,0.106556735932827,0.025858350098133087,2,1.0,0.0,2,audio_579.wav
0.08329156041145325,0.0664176419377327,0.10369464010000229,0.015421519987285137,3,1.0,0.0,3,audio_172.wav
0.24782240390777588,0.11935042589902878,0.4324503242969513,0.11955611407756805,6,1.0,0.0,4,audio_144.wav
0.22234542667865753,0.13712435960769653,0.3573220372200012,0.0965348407626152,3,1.0,0.0,2,audio_151.wav
0.3728058338165283,0.07005293667316437,0.9765926003456116,0.34346523880958557,3,0.6,0.2,3,audio_65.wav
0.2665335536003113,0.048957742750644684,0.5946939587593079,0.18947000801563263,6,0.75,0.0,5,audio_481.wav
0.6920372247695923,0.2129155993461609,0.9795174598693848,0.3259170949459076,3,0.3333333333333333,0.5555555555555556,2,audio_262.wav
0.6283552050590515,0.13874340057373047,0.9775920510292053,0.3301960527896881,2,0.4,0.4,1,audio_229.wav
0.6342344284057617,0.1663321852684021,0.9831264615058899,0.31210505962371826,2,0.4,0.4,1,audio_22.wav
0.4213203489780426,0.14052757620811462,0.9663007855415344,0.3450031876564026,5,0.7142857142857143,0.2857142857142857,5,audio_434.wav
0.13466161489486694,0.13466161489486694,0.13466161489486694,0.0,1,1.0,0.0,1,audio_488.wav
0.574208676815033,0.04535466432571411,0.97803795337677,0.3677513301372528,3,0.5,0.3333333333333333,1,audio_439.wav
0.461252361536026,0.07014299184083939,0.9767130017280579,0.3945797383785248,3,0.5,0.3333333333333333,3,audio_160.wav
0.4268225133419037,0.09976767748594284,0.6711220145225525,0.24048253893852234,1,0.3333333333333333,0.0,1,audio_594.wav
0.6968142986297607,0.2019144594669342,0.9694942235946655,0.3451904058456421,2,0.3333333333333333,0.6666666666666666,2,audio_651.wav
0.334815114736557,0.2756844162940979,0.3782154619693756,0.043310798704624176,3,1.0,0.0,0,audio_569.wav
0.07084673643112183,0.07084673643112183,0.07084673643112183,0.0,1,1.0,0.0,1,audio_440.wav
0.6681225895881653,0.19849729537963867,0.9816533923149109,0.2762718200683594,1,0.2,0.4,1,audio_658.wav
0.6552283763885498,0.09653768688440323,0.9702240824699402,0.3403782546520233,1,0.25,0.5,1,audio_274.wav
0.09673299640417099,0.09673299640417099,0.09673299640417099,0.0,1,1.0,0.0,1,audio_5065.wav
0.19210027158260345,0.1146358773112297,0.31197428703308105,0.08596334606409073,3,1.0,0.0,2,audio_158.wav
0.6131322979927063,0.13543124496936798,0.981123149394989,0.3715050220489502,3,0.5,0.5,2,audio_493.wav
0.7483468651771545,0.19489635527133942,0.9672427177429199,0.26847368478775024,2,0.25,0.625,1,audio_646.wav
0.3527679443359375,0.08516979962587357,0.7831453084945679,0.24759520590305328,4,0.8,0.0,2,audio_64.wav
0.17280519008636475,0.10456237941980362,0.2997109293937683,0.08982110023498535,3,1.0,0.0,2,audio_451.wav
0.2761499285697937,0.05244048684835434,0.932568371295929,0.25928929448127747,7,0.875,0.125,6,audio_277.wav
0.15898635983467102,0.06340207904577255,0.23837195336818695,0.06986447423696518,5,1.0,0.0,5,audio_491.wav
0.2641061544418335,0.15311606228351593,0.4193725883960724,0.11311773210763931,3,1.0,0.0,2,audio_52.wav
0.9352385401725769,0.9295608401298523,0.9409162402153015,0.005677700042724609,0,0.0,1.0,0,audio_743.wav
0.6671307682991028,0.15378360450267792,0.9558007121086121,0.3639301657676697,1,0.3333333333333333,0.6666666666666666,1,audio_243.wav
0.6456133127212524,0.17659902572631836,0.9789879322052002,0.34920722246170044,2,0.3333333333333333,0.5,2,audio_661.wav
0.4333871603012085,0.1228293776512146,0.8605525493621826,0.25856584310531616,5,0.5555555555555556,0.1111111111111111,3,audio_456.wav
0.4053419828414917,0.06627693772315979,0.9573544859886169,0.3272840082645416,4,0.6666666666666666,0.16666666666666666,3,audio_90.wav
0.6544880867004395,0.14410792291164398,0.9746149182319641,0.3362581729888916,1,0.25,0.5,1,audio_735.wav
0.894395649433136,0.8378463983535767,0.9404405355453491,0.042537394911050797,0,0.0,0.6666666666666666,0,audio_775.wav
0.48296746611595154,0.12376609444618225,0.8661701679229736,0.2883439064025879,2,0.5,0.25,1,audio_587.wav
0.3089732229709625,0.1044948622584343,0.5704219937324524,0.17872896790504456,4,0.8,0.0,2,audio_103.wav
0.6388282179832458,0.3091682195663452,0.9684882164001465,0.32965999841690063,1,0.5,0.5,0,audio_111.wav
0.45581334829330444,0.12895211577415466,0.817906379699707,0.2993994951248169,3,0.6,0.0,2,audio_421.wav
0.5072682499885559,0.07434965670108795,0.9767078757286072,0.3698670566082001,4,0.5714285714285714,0.2857142857142857,3,audio_683.wav
0.5150492191314697,0.19503271579742432,0.9763919711112976,0.27148711681365967,6,0.6666666666666666,0.2222222222222222,1,audio_152.wav
0.4614299237728119,0.11557061970233917,0.972052812576294,0.3362559974193573,4,0.6666666666666666,0.3333333333333333,2,audio_134.wav
0.6832070350646973,0.24467502534389496,0.9699618220329285,0.29561564326286316,1,0.25,0.5,1,audio_12.wav
0.5351876020431519,0.08236533403396606,0.9731090664863586,0.37427327036857605,2,0.4,0.2,2,audio_232.wav
0.6839125752449036,0.1312553733587265,0.9532605409622192,0.36579930782318115,2,0.3333333333333333,0.6666666666666666,2,audio_36.wav
0.645535945892334,0.3218945562839508,0.9691773653030396,0.32364141941070557,1,0.5,0.5,0,audio_268.wav
0.4990575313568115,0.1157970204949379,0.9830747246742249,0.3504939079284668,4,0.6666666666666666,0.3333333333333333,2,audio_68.wav
0.7811347842216492,0.20038984715938568,0.9816917181015015,0.33536866307258606,1,0.25,0.75,1,audio_729.wav
0.5069299340248108,0.042936235666275024,0.9810686707496643,0.3710593283176422,3,0.42857142857142855,0.2857142857142857,3,audio_247.wav
0.7660230994224548,0.44910019636154175,0.9781557321548462,0.21482789516448975,1,0.25,0.5,0,audio_224.wav
0.7142750024795532,0.19902855157852173,0.9769171476364136,0.27118372917175293,1,0.14285714285714285,0.5714285714285714,1,audio_425.wav
0.48310717940330505,0.10590891540050507,0.9560083150863647,0.30234527587890625,4,0.6666666666666666,0.16666666666666666,2,audio_392.wav
0.5682636499404907,0.10026156902313232,0.9753350615501404,0.36612895131111145,5,0.4166666666666667,0.4166666666666667,4,audio_615.wav
0.4767352044582367,0.07148626446723938,0.9737550020217896,0.3843129873275757,2,0.5,0.25,2,audio_245.wav
0.6469866633415222,0.19729501008987427,0.9789061546325684,0.3340938687324524,3,0.5,0.5,1,audio_271.wav
0.592379093170166,0.1044374406337738,0.9724568128585815,0.36758387088775635,4,0.4444444444444444,0.4444444444444444,2,audio_321.wav
0.6434019804000854,0.07800070196390152,0.9759750366210938,0.3577965497970581,7,0.35,0.45,6,audio_5043.wav
0.6366591453552246,0.06230955570936203,0.977038562297821,0.35570967197418213,2,0.25,0.5,2,audio_187.wav
0.8181307911872864,0.26886653900146484,0.9761084914207458,0.27546167373657227,1,0.2,0.8,0,audio_221.wav
0.5013930797576904,0.0536910705268383,0.9725787043571472,0.33216455578804016,4,0.4444444444444444,0.2222222222222222,3,audio_219.wav
0.16295641660690308,0.06269654631614685,0.2212008535861969,0.05490198731422424,5,1.0,0.0,5,audio_601.wav
0.3076842725276947,0.04428652301430702,0.9164092540740967,0.313111811876297,4,0.8,0.2,3,audio_100.wav
0.43042054772377014,0.1314927041530609,0.8330352902412415,0.24752101302146912,3,0.6,0.0,1,audio_227.wav
0.14953875541687012,0.06930091977119446,0.31782594323158264,0.09834358841180801,4,1.0,0.0,3,audio_411.wav
0.5444959402084351,0.11792288720607758,0.8379059433937073,0.2427474856376648,2,0.3333333333333333,0.0,1,audio_28.wav
0.26076415181159973,0.1653694361448288,0.35615888237953186,0.09539473056793213,2,1.0,0.0,1,audio_653.wav
0.8544309735298157,0.24330595135688782,0.9809769988059998,0.24404965341091156,2,0.14285714285714285,0.8571428571428571,1,audio_29.wav
0.13872046768665314,0.09877195209264755,0.21726597845554352,0.04613730311393738,4,1.0,0.0,4,audio_470.wav
0.5300840139389038,0.07069048285484314,0.9676116108894348,0.3840850293636322,3,0.5,0.3333333333333333,2,audio_356.wav
0.6569117903709412,0.10847926884889603,0.9758449196815491,0.2995091378688812,2,0.2,0.3,2,audio_365.wav
0.8501359820365906,0.5025473237037659,0.9791461825370789,0.19371941685676575,0,0.0,0.75,0,audio_58.wav
0.5825712084770203,0.07207915931940079,0.9840989708900452,0.39542481303215027,3,0.5,0.5,2,audio_708.wav
0.7720291018486023,0.14567680656909943,0.9812310338020325,0.27017882466316223,1,0.125,0.625,1,audio_319.wav
0.7665120363235474,0.19883206486701965,0.9785733819007874,0.27873843908309937,4,0.26666666666666666,0.6666666666666666,1,audio_5067.wav
0.7541912794113159,0.11546197533607483,0.9842770099639893,0.3689504861831665,1,0.25,0.75,1,audio_135.wav
0.5456888675689697,0.11134015023708344,0.8931888341903687,0.28196993470191956,1,0.25,0.25,1,audio_612.wav
0.5101695656776428,0.042427774518728256,0.9499096870422363,0.28125542402267456,5,0.5,0.2,2,audio_373.wav
0.8707942962646484,0.23897263407707214,0.9822396039962769,0.21213550865650177,1,0.07692307692307693,0.7692307692307693,1,audio_680.wav
0.6722277402877808,0.28124311566352844,0.9686110019683838,0.2629375457763672,1,0.25,0.25,0,audio_63.wav
0.4969332218170166,0.13668374717235565,0.8794432282447815,0.2779378592967987,2,0.5,0.25,1,audio_700.wav
0.13264964520931244,0.057380311191082,0.28370460867881775,0.09048452228307724,4,1.0,0.0,3,audio_429.wav
0.5018119215965271,0.042718686163425446,0.9831693172454834,0.350134938955307,3,0.5,0.3333333333333333,2,audio_745.wav
0.44625401496887207,0.2980947196483612,0.80976402759552,0.21097171306610107,3,0.75,0.0,0,audio_731.wav
0.711027204990387,0.037745002657175064,0.9830747246742249,0.3372969925403595,2,0.25,0.625,1,audio_461.wav
0.7393917441368103,0.11985723674297333,0.979564368724823,0.3437315821647644,2,0.3333333333333333,0.6666666666666666,1,audio_79.wav
0.4661616086959839,0.03874089941382408,0.969311535358429,0.3673710227012634,5,0.625,0.375,4,audio_5038.wav
0.7361269593238831,0.11731193959712982,0.9801836609840393,0.32168376445770264,2,0.2,0.6,2,audio_760.wav
0.3924930989742279,0.07544328272342682,0.9778573513031006,0.3071375787258148,4,0.8,0.2,1,audio_72.wav
0.822684109210968,0.13814541697502136,0.9731335639953613,0.24939697980880737,1,0.1111111111111111,0.6666666666666666,1,audio_696.wav
0.7590102553367615,0.5415796041488647,0.8874661922454834,0.1545892357826233,0,0.0,0.3333333333333333,0,audio_744.wav
0.8321810960769653,0.19090226292610168,0.9795385003089905,0.2847055196762085,2,0.2,0.8,1,audio_662.wav
0.15131717920303345,0.05507415533065796,0.424278199672699,0.12784269452095032,6,1.0,0.0,5,audio_570.wav
0.3244265019893646,0.09807392954826355,0.5333013534545898,0.15752798318862915,3,0.75,0.0,1,audio_10.wav
0.3246820271015167,0.05973275750875473,0.9806336760520935,0.33629825711250305,4,0.8,0.2,3,audio_628.wav
0.4287705421447754,0.13011497259140015,0.8413522243499756,0.32900145649909973,3,0.6,0.0,3,audio_606.wav
0.42380771040916443,0.3057379722595215,0.5418774485588074,0.11806973814964294,1,0.5,0.0,0,audio_73.wav
0.503659188747406,0.11129269748926163,0.888096809387207,0.35188886523246765,3,0.5,0.16666666666666666,3,audio_605.wav
0.7778967022895813,0.16568943858146667,0.9757463932037354,0.30726855993270874,1,0.2,0.8,1,audio_106.wav
0.8006739616394043,0.2562476396560669,0.9793061017990112,0.23382210731506348,1,0.125,0.625,0,audio_306.wav
0.5558907389640808,0.23619477450847626,0.875586748123169,0.31969597935676575,1,0.5,0.5,1,audio_75.wav
0.31007257103919983,0.10971663147211075,0.6267104744911194,0.19626359641551971,6,0.75,0.0,4,audio_550.wav
0.5970717072486877,0.16513299942016602,0.977001965045929,0.3734458386898041,2,0.5,0.5,1,audio_340.wav
0.8734211921691895,0.38099709153175354,0.9789862036705017,0.20217181742191315,1,0.14285714285714285,0.8571428571428571,0,audio_272.wav
0.34678950905799866,0.06970825791358948,0.9710263013839722,0.3369072675704956,5,0.7142857142857143,0.14285714285714285,4,audio_518.wav
0.687625527381897,0.2954934537410736,0.9653262495994568,0.2370019257068634,2,0.2,0.3,0,audio_34.wav
0.32541295886039734,0.14229996502399445,0.5085259675979614,0.1831129938364029,1,0.5,0.0,1,audio_87.wav
0.6563906073570251,0.20604084432125092,0.9825992584228516,0.29288917779922485,3,0.375,0.375,1,audio_211.wav
0.30704593658447266,0.05185500904917717,0.7716472148895264,0.2822137475013733,4,0.8,0.0,3,audio_431.wav
0.5984770655632019,0.2219611406326294,0.8465732336044312,0.27068281173706055,1,0.3333333333333333,0.0,1,audio_555.wav
0.7918691635131836,0.223607137799263,0.9814597368240356,0.24712035059928894,1,0.125,0.625,1,audio_648.wav
0.10312730073928833,0.10312730073928833,0.10312730073928833,0.0,1,1.0,0.0,1,audio_5051.wav
0.5232807397842407,0.17265911400318146,0.9175663590431213,0.27293500304222107,4,0.5714285714285714,0.14285714285714285,1,audio_422.wav
0.4708203375339508,0.06536205857992172,0.9804471731185913,0.3975476920604706,5,0.625,0.375,4,audio_627.wav
0.8580320477485657,0.4798971116542816,0.9806953072547913,0.17533190548419952,1,0.16666666666666666,0.8333333333333334,0,audio_122.wav
0.5823585987091064,0.17598551511764526,0.9550819396972656,0.3303816318511963,2,0.5,0.5,1,audio_88.wav
0.34052905440330505,0.09213674068450928,0.9164276123046875,0.2519758939743042,6,0.8571428571428571,0.14285714285714285,3,audio_165.wav
0.4755057692527771,0.08945736289024353,0.9593093991279602,0.33821308612823486,2,0.4,0.2,2,audio_276.wav
0.6282172799110413,0.0745968446135521,0.9820646643638611,0.36815986037254333,1,0.25,0.5,1,audio_746.wav
0.20730450749397278,0.1278982013463974,0.28671082854270935,0.07940631359815598,2,1.0,0.0,1,audio_252.wav
0.5300347208976746,0.11071289330720901,0.9677602648735046,0.3501300513744354,1,0.3333333333333333,0.3333333333333333,1,audio_266.wav
0.5131694674491882,0.04753971844911575,0.9443040490150452,0.3008967936038971,3,0.5,0.16666666666666666,1,audio_611.wav
0.9172672629356384,0.9172672629356384,0.9172672629356384,0.0,0,0.0,1.0,0,audio_5058.wav
0.7183672785758972,0.09848728775978088,0.9747041463851929,0.29906415939331055,2,0.25,0.375,1,audio_81.wav
0.5218737721443176,0.09288680553436279,0.9696314930915833,0.3542575240135193,4,0.5714285714285714,0.2857142857142857,3,audio_3.wav
0.15752753615379333,0.09465017914772034,0.22040487825870514,0.0628773495554924,2,1.0,0.0,2,audio_21.wav
0.46141427755355835,0.06910844892263412,0.9698125720024109,0.3057696223258972,5,0.625,0.25,2,audio_190.wav
0.7390955686569214,0.14769454300403595,0.9815170168876648,0.28622519969940186,1,0.14285714285714285,0.42857142857142855,1,audio_189.wav
0.3084363639354706,0.14410477876663208,0.4727679491043091,0.1643315851688385,2,1.0,0.0,1,audio_519.wav
0.50453782081604,0.21953606605529785,0.9476819634437561,0.2722763121128082,3,0.75,0.25,1,audio_748.wav
0.38035133481025696,0.028720790520310402,0.9687240719795227,0.31528058648109436,4,0.6666666666666666,0.16666666666666666,2,audio_505.wav
0.7619692087173462,0.6180378198623657,0.9750484228134155,0.14084133505821228,0,0.0,0.25,0,audio_361.wav
0.7777285575866699,0.35023921728134155,0.9754379391670227,0.2550307810306549,1,0.25,0.5,0,audio_5052.wav
0.8360101580619812,0.7519075274467468,0.895620584487915,0.058685071766376495,0,0.0,0.5,0,audio_16.wav
0.8452609181404114,0.21346551179885864,0.9744452238082886,0.24820064008235931,1,0.125,0.75,1,audio_327.wav
0.7532715201377869,0.16366520524024963,0.9830747246742249,0.2772480249404907,1,0.14285714285714285,0.5714285714285714,1,audio_313.wav
0.271806001663208,0.10317710787057877,0.49235108494758606,0.14283767342567444,4,1.0,0.0,2,audio_589.wav
0.3659454882144928,0.05503358691930771,0.9830747246742249,0.3389996290206909,7,0.7777777777777778,0.2222222222222222,4,audio_416.wav
0.7278292179107666,0.1642499417066574,0.9792948961257935,0.3094402551651001,2,0.25,0.625,1,audio_762.wav
0.4450215697288513,0.06846936792135239,0.9637321829795837,0.37984171509742737,4,0.5714285714285714,0.2857142857142857,4,audio_714.wav
0.4497647285461426,0.04254202917218208,0.9768646359443665,0.3677625060081482,5,0.625,0.25,3,audio_455.wav
0.766529381275177,0.28008851408958435,0.9777452945709229,0.28074732422828674,2,0.2857142857142857,0.5714285714285714,0,audio_42.wav
0.1579262912273407,0.046707987785339355,0.23177282512187958,0.06159220263361931,5,1.0,0.0,5,audio_561.wav
0.5905582308769226,0.10599561035633087,0.9660676717758179,0.3365507423877716,2,0.3333333333333333,0.16666666666666666,2,audio_226.wav
0.8669493198394775,0.4003104269504547,0.9766687750816345,0.20935091376304626,1,0.16666666666666666,0.8333333333333334,0,audio_110.wav
0.43349140882492065,0.15511667728424072,0.9281252026557922,0.302136093378067,3,0.75,0.25,2,audio_739.wav
0.08911801874637604,0.05862729251384735,0.12007062882184982,0.020047219470143318,5,1.0,0.0,5,audio_504.wav
0.3704912066459656,0.17122507095336914,0.569757342338562,0.19926613569259644,1,0.5,0.0,1,audio_379.wav
0.15340887010097504,0.11247165501117706,0.20671674609184265,0.039457228034734726,3,1.0,0.0,3,audio_520.wav
0.08171917498111725,0.05255238711833954,0.11088597029447556,0.02916679158806801,2,1.0,0.0,2,audio_5068.wav
0.4645228385925293,0.19347921013832092,0.9247297048568726,0.2782970070838928,3,0.75,0.25,1,audio_30.wav
0.6308793425559998,0.19433747231960297,0.9716089367866516,0.3473998010158539,2,0.5,0.5,1,audio_5041.wav
0.6224121451377869,0.1307576298713684,0.9714394807815552,0.3138968348503113,4,0.36363636363636365,0.36363636363636365,2,audio_485.wav
0.56374192237854,0.07687317579984665,0.8533836007118225,0.2956576645374298,4,0.4444444444444444,0.1111111111111111,2,audio_475.wav
0.4748246967792511,0.09959175437688828,0.9703589081764221,0.35079532861709595,6,0.5454545454545454,0.36363636363636365,5,audio_145.wav
0.9270142912864685,0.7792878150939941,0.9790465831756592,0.06397006660699844,0,0.0,0.875,0,audio_308.wav
0.5240761041641235,0.05857163295149803,0.9725358486175537,0.37129274010658264,5,0.5555555555555556,0.3333333333333333,4,audio_184.wav
0.4399833083152771,0.12887682020664215,0.973394513130188,0.30618128180503845,6,0.75,0.25,3,audio_586.wav
0.4944019019603729,0.10134206712245941,0.9726995825767517,0.3178713321685791,3,0.5,0.16666666666666666,2,audio_398.wav
0.8083975911140442,0.2541793882846832,0.9770520925521851,0.25589218735694885,1,0.16666666666666666,0.6666666666666666,0,audio_726.wav
0.48958006501197815,0.09569507092237473,0.9830747246742249,0.35055795311927795,6,0.6,0.3,3,audio_466.wav
0.43076786398887634,0.04128940775990486,0.9819221496582031,0.31951212882995605,5,0.7142857142857143,0.14285714285714285,1,audio_218.wav
0.751031219959259,0.10733741521835327,0.9816491007804871,0.3384517729282379,2,0.3333333333333333,0.6666666666666666,1,audio_644.wav
0.6170267462730408,0.042333152145147324,0.9763873815536499,0.3152879476547241,4,0.36363636363636365,0.36363636363636365,2,audio_351.wav
0.4504601061344147,0.061114732176065445,0.9803783297538757,0.4331108033657074,3,0.6,0.4,3,audio_248.wav
0.7042205929756165,0.14108382165431976,0.982986330986023,0.31595578789711,4,0.2857142857142857,0.5,2,audio_83.wav
0.08735546469688416,0.05870147421956062,0.11600945889949799,0.02865399233996868,2,1.0,0.0,2,audio_71.wav
0.35483914613723755,0.0817178264260292,0.7528443932533264,0.2860301733016968,3,0.6,0.0,3,audio_287.wav
0.5401895642280579,0.08900342881679535,0.9844159483909607,0.39015528559684753,5,0.5555555555555556,0.4444444444444444,3,audio_367.wav
0.666580080986023,0.14585787057876587,0.9793658256530762,0.3145495057106018,3,0.42857142857142855,0.42857142857142855,1,audio_166.wav
0.5161486864089966,0.5161486864089966,0.5161486864089966,0.0,0,0.0,0.0,0,audio_94.wav
0.12327858060598373,0.06157508119940758,0.20968088507652283,0.056806813925504684,5,1.0,0.0,5,audio_108.wav
0.34939247369766235,0.09065926820039749,0.7558342218399048,0.25474101305007935,7,0.7,0.0,6,audio_511.wav
0.08787477761507034,0.08787477761507034,0.08787477761507034,0.0,1,1.0,0.0,1,audio_5059.wav
0.8592864274978638,0.6689823269844055,0.9828154444694519,0.1310560554265976,0,0.0,0.5555555555555556,0,audio_310.wav
0.5373160243034363,0.11063875257968903,0.966685950756073,0.32739514112472534,2,0.3333333333333333,0.3333333333333333,2,audio_50.wav
0.7319380640983582,0.3371122479438782,0.9801121354103088,0.26265034079551697,1,0.2,0.6,0,audio_6.wav
0.3563922941684723,0.07591984421014786,0.9799617528915405,0.28434500098228455,6,0.8571428571428571,0.14285714285714285,3,audio_515.wav
0.7765095233917236,0.0975315198302269,0.9757247567176819,0.3081175684928894,1,0.16666666666666666,0.6666666666666666,1,audio_742.wav
0.602534830570221,0.13329173624515533,0.9753651022911072,0.38737449049949646,4,0.4444444444444444,0.5555555555555556,3,audio_545.wav
0.10739925503730774,0.10739925503730774,0.10739925503730774,0.0,1,1.0,0.0,1,audio_489.wav
0.6378304958343506,0.39258086681365967,0.9753958582878113,0.23888655006885529,2,0.5,0.25,0,audio_697.wav
0.717458188533783,0.18488183617591858,0.9647209048271179,0.32449960708618164,2,0.2857142857142857,0.5714285714285714,2,audio_225.wav
0.46975934505462646,0.15084466338157654,0.9830747246742249,0.36651095747947693,2,0.6666666666666666,0.3333333333333333,1,audio_553.wav
0.5656190514564514,0.3237273395061493,0.875546932220459,0.21677690744400024,2,0.5,0.25,0,audio_237.wav
0.6127959489822388,0.1367388218641281,0.9723634719848633,0.35821768641471863,4,0.4444444444444444,0.5555555555555556,3,audio_197.wav
0.7839891910552979,0.10238514840602875,0.9798216819763184,0.2813897728919983,1,0.1111111111111111,0.5555555555555556,1,audio_449.wav
0.3822658061981201,0.04656877741217613,0.9416268467903137,0.33353057503700256,3,0.5,0.16666666666666666,3,audio_567.wav
0.6399506330490112,0.0629904642701149,0.9830747246742249,0.36099666357040405,2,0.3333333333333333,0.5,1,audio_477.wav
0.5581548810005188,0.08792392164468765,0.912054717540741,0.2774144113063812,2,0.3333333333333333,0.3333333333333333,1,audio_728.wav
0.38982024788856506,0.1821751743555069,0.5974653363227844,0.20764508843421936,1,0.5,0.0,1,audio_377.wav
0.8059687614440918,0.2515300214290619,0.9796292185783386,0.24696357548236847,1,0.14285714285714285,0.5714285714285714,0,audio_633.wav
0.2788928151130676,0.1044887900352478,0.5418884754180908,0.18139319121837616,3,0.75,0.0,2,audio_690.wav
0.7944169640541077,0.11307594925165176,0.9776208996772766,0.27060604095458984,3,0.21428571428571427,0.5714285714285714,1,audio_525.wav
0.5855186581611633,0.15847520530223846,0.9792349338531494,0.34595856070518494,2,0.4,0.4,2,audio_31.wav
0.6419740319252014,0.05431255325675011,0.9807400703430176,0.3661971986293793,2,0.2857142857142857,0.42857142857142855,2,audio_676.wav
0.7736085653305054,0.22994409501552582,0.9830747246742249,0.24531804025173187,1,0.14285714285714285,0.5714285714285714,1,audio_263.wav
0.5161486864089966,0.5161486864089966,0.5161486864089966,0.0,0,0.0,0.0,0,audio_5070.wav
0.5965903401374817,0.03372404724359512,0.982366681098938,0.39925846457481384,4,0.4444444444444444,0.4444444444444444,3,audio_510.wav
0.47710108757019043,0.09257832169532776,0.9603156447410583,0.3777490258216858,4,0.5714285714285714,0.42857142857142855,3,audio_577.wav
0.33107027411460876,0.03279661387205124,0.6697847247123718,0.21999357640743256,5,0.7142857142857143,0.0,2,audio_230.wav
0.6789493560791016,0.09423922002315521,0.979093074798584,0.33416101336479187,4,0.36363636363636365,0.5454545454545454,2,audio_314.wav
0.5576222538948059,0.07718535512685776,0.9382181167602539,0.3348979353904724,2,0.4,0.2,2,audio_641.wav
0.6346603631973267,0.06404933333396912,0.9746847748756409,0.3483380973339081,6,0.42857142857142855,0.5,3,audio_689.wav
0.8390135169029236,0.4149664640426636,0.9746806025505066,0.20239104330539703,1,0.125,0.75,0,audio_352.wav
0.8951868414878845,0.8160454034805298,0.9432680010795593,0.05639120936393738,0,0.0,0.6666666666666666,0,audio_193.wav
0.9172672629356384,0.9172672629356384,0.9172672629356384,0.0,0,0.0,1.0,0,audio_5049.wav
0.7048614025115967,0.150971457362175,0.9795070290565491,0.3014516532421112,1,0.16666666666666666,0.5,1,audio_300.wav
0.11605920642614365,0.11605920642614365,0.11605920642614365,0.0,1,1.0,0.0,1,audio_581.wav
0.06860163062810898,0.04292402043938637,0.09934645891189575,0.023311374709010124,3,1.0,0.0,3,audio_164.wav
0.35318419337272644,0.1612188220024109,0.46925118565559387,0.136726975440979,3,1.0,0.0,1,audio_502.wav
0.6822196841239929,0.15166820585727692,0.9503216743469238,0.37516364455223083,1,0.3333333333333333,0.6666666666666666,1,audio_380.wav
0.7672746181488037,0.050183240324258804,0.9831458330154419,0.3795150816440582,2,0.2222222222222222,0.7777777777777778,2,audio_15.wav
0.08445724099874496,0.08445724099874496,0.08445724099874496,0.0,1,1.0,0.0,1,audio_238.wav
0.8356372117996216,0.11800742149353027,0.9834528565406799,0.2779923379421234,1,0.1111111111111111,0.7777777777777778,1,audio_53.wav
0.8867651224136353,0.7328633069992065,0.9768646359443665,0.10019507259130478,0,0.0,0.75,0,audio_283.wav
0.8226155638694763,0.5378232598304749,0.9762583374977112,0.17397233843803406,0,0.0,0.5714285714285714,0,audio_614.wav
0.6171862483024597,0.1476874202489853,0.9602188467979431,0.2909387946128845,3,0.375,0.125,2,audio_121.wav
0.7143684029579163,0.3036039173603058,0.9731535315513611,0.2748357355594635,2,0.4,0.6,0,audio_216.wav
0.3740979731082916,0.03578850254416466,0.9604358673095703,0.2972891628742218,5,0.625,0.125,4,audio_552.wav
0.37328529357910156,0.06868427246809006,0.9522981643676758,0.34662097692489624,3,0.75,0.25,2,audio_514.wav
0.39119163155555725,0.06956223398447037,0.7323821187019348,0.3182230591773987,2,0.5,0.0,2,audio_593.wav
0.41091984510421753,0.05809998884797096,0.8973272442817688,0.33607199788093567,4,0.5,0.25,4,audio_565.wav
0.2946213483810425,0.17724961042404175,0.4711761474609375,0.12708310782909393,3,1.0,0.0,2,audio_140.wav
0.3529055416584015,0.1067977175116539,0.8129692673683167,0.32557886838912964,2,0.6666666666666666,0.0,2,audio_117.wav
0.3779980540275574,0.036009445786476135,0.9668325781822205,0.32493874430656433,8,0.8,0.2,5,audio_495.wav
0.36007073521614075,0.04073762893676758,0.922432541847229,0.2560550272464752,6,0.8571428571428571,0.14285714285714285,2,audio_652.wav
0.6810110807418823,0.11123378574848175,0.971418559551239,0.3318398594856262,2,0.25,0.625,2,audio_645.wav
0.48082026839256287,0.0395546592772007,0.9391289949417114,0.3490161895751953,3,0.6,0.2,2,audio_242.wav
0.6384067535400391,0.29705801606178284,0.9770020246505737,0.27163249254226685,4,0.4444444444444444,0.3333333333333333,0,audio_4.wav
0.5336349606513977,0.1235160306096077,0.8235066533088684,0.29815128445625305,1,0.3333333333333333,0.0,1,audio_93.wav
0.16084204614162445,0.16084204614162445,0.16084204614162445,0.0,1,1.0,0.0,1,audio_582.wav
0.6915183663368225,0.08070901781320572,0.9828222393989563,0.34027037024497986,3,0.375,0.5,1,audio_222.wav
0.9172672629356384,0.9172672629356384,0.9172672629356384,0.0,0,0.0,1.0,0,audio_5042.wav
0.3058082163333893,0.3058082163333893,0.3058082163333893,0.0,1,1.0,0.0,0,audio_253.wav
0.5110660791397095,0.19869005680084229,0.9672662615776062,0.2703650891780853,4,0.5,0.125,2,audio_167.wav
0.45873013138771057,0.09854745119810104,0.978022575378418,0.344450980424881,5,0.7142857142857143,0.2857142857142857,3,audio_583.wav
0.8156508803367615,0.3707790970802307,0.9810016751289368,0.22636407613754272,2,0.18181818181818182,0.7272727272727273,0,audio_682.wav
0.21343325078487396,0.21343325078487396,0.21343325078487396,0.0,1,1.0,0.0,1,audio_5045.wav
0.24085132777690887,0.04743163660168648,0.5351452827453613,0.19061525166034698,4,0.8,0.0,3,audio_173.wav
0.6377875208854675,0.20986320078372955,0.976293683052063,0.29231467843055725,3,0.42857142857142855,0.2857142857142857,1,audio_338.wav
0.5967103242874146,0.05554507300257683,0.9768545031547546,0.38520875573158264,4,0.4,0.5,4,audio_188.wav
0.4627019464969635,0.10103308409452438,0.8478595614433289,0.2832859456539154,3,0.6,0.0,2,audio_59.wav
0.7646887302398682,0.3388546109199524,0.9756690263748169,0.228117436170578,3,0.25,0.5,0,audio_318.wav
0.33574235439300537,0.04593144729733467,0.9017019271850586,0.3337439000606537,3,0.75,0.25,3,audio_17.wav
0.6559514999389648,0.07685833424329758,0.9704356789588928,0.33677926659584045,4,0.4,0.6,2,audio_551.wav
0.6091601848602295,0.1261781007051468,0.940595805644989,0.3493267893791199,1,0.3333333333333333,0.3333333333333333,1,audio_275.wav
0.7692047357559204,0.17580154538154602,0.9783451557159424,0.28064998984336853,3,0.3,0.7,1,audio_368.wav
0.5026994347572327,0.21624316275119781,0.7891556620597839,0.28645625710487366,1,0.5,0.0,1,audio_730.wav
0.9172672629356384,0.9172672629356384,0.9172672629356384,0.0,0,0.0,1.0,0,audio_5060.wav
0.6932283043861389,0.15579676628112793,0.9804091453552246,0.3803204596042633,1,0.3333333333333333,0.6666666666666666,1,audio_685.wav
0.7939352989196777,0.0758088082075119,0.9801763296127319,0.359087735414505,1,0.2,0.8,1,audio_7.wav
0.7520899772644043,0.22836051881313324,0.9763563871383667,0.3025933504104614,2,0.25,0.75,2,audio_204.wav
0.22682854533195496,0.11514652520418167,0.33851057291030884,0.11168202757835388,2,1.0,0.0,1,audio_5064.wav
0.20429353415966034,0.16120299696922302,0.2474941611289978,0.03522830456495285,3,1.0,0.0,3,audio_127.wav
0.12140773236751556,0.12140773236751556,0.12140773236751556,0.0,1,1.0,0.0,1,audio_412.wav
0.11503605544567108,0.11503605544567108,0.11503605544567108,0.0,1,1.0,0.0,1,audio_132.wav
0.688044011592865,0.17053285241127014,0.9784947633743286,0.31155553460121155,4,0.36363636363636365,0.45454545454545453,1,audio_156.wav
0.39982932806015015,0.19524875283241272,0.6044098734855652,0.20458056032657623,1,0.5,0.0,1,audio_426.wav
0.763457179069519,0.5869539380073547,0.8767922520637512,0.10903149098157883,0,0.0,0.25,0,audio_709.wav
0.7736916542053223,0.2032853066921234,0.9806365370750427,0.31438297033309937,2,0.2857142857142857,0.7142857142857143,1,audio_291.wav
0.4312325119972229,0.10996215790510178,0.9477927088737488,0.2597625255584717,4,0.5,0.125,2,audio_523.wav
0.5309774279594421,0.10579030215740204,0.9557241797447205,0.34111288189888,3,0.6,0.4,2,audio_632.wav
0.5772917866706848,0.1652006208896637,0.9789004325866699,0.40128293633461,2,0.5,0.5,2,audio_684.wav
0.28462734818458557,0.05639607459306717,0.8773260116577148,0.3038924038410187,4,0.8,0.2,4,audio_512.wav
0.3123629689216614,0.13298705220222473,0.41768303513526917,0.11582204699516296,4,1.0,0.0,1,audio_764.wav
0.4124787151813507,0.06673602014780045,0.9828540086746216,0.3604918122291565,6,0.6666666666666666,0.2222222222222222,5,audio_585.wav
0.08374574780464172,0.0486314557492733,0.1381821632385254,0.03902854397892952,3,1.0,0.0,3,audio_562.wav
0.5711753368377686,0.10126715153455734,0.9751752018928528,0.373648077249527,3,0.5,0.5,2,audio_465.wav
0.8596581220626831,0.057098936289548874,0.9805535078048706,0.28440552949905396,1,0.1111111111111111,0.8888888888888888,1,audio_37.wav
0.2735564708709717,0.06273938715457916,0.6959641575813293,0.24988168478012085,3,0.75,0.0,3,audio_47.wav
0.7388623952865601,0.3010331988334656,0.9766623973846436,0.2452043890953064,2,0.2857142857142857,0.42857142857142855,0,audio_233.wav
0.4283672869205475,0.25236624479293823,0.973747193813324,0.27576521039009094,4,0.8,0.2,0,audio_621.wav
0.46410953998565674,0.17588551342487335,0.9668548703193665,0.31490084528923035,4,0.6666666666666666,0.16666666666666666,2,audio_590.wav
0.645143985748291,0.07578273117542267,0.9786967039108276,0.3876875042915344,3,0.375,0.5,3,audio_349.wav
0.716686487197876,0.3012354373931885,0.9769322872161865,0.2455442249774933,2,0.3333333333333333,0.3333333333333333,0,audio_387.wav
0.2877035439014435,0.09446354955434799,0.6008141040802002,0.1893494725227356,3,0.75,0.0,3,audio_630.wav
0.7328974008560181,0.21351446211338043,0.9783601760864258,0.27245351672172546,2,0.25,0.5,1,audio_5046.wav
0.6655042767524719,0.1775817722082138,0.9806466102600098,0.3295970559120178,2,0.4,0.4,1,audio_183.wav
0.18366792798042297,0.1295231729745865,0.23781266808509827,0.05414474755525589,2,1.0,0.0,2,audio_607.wav
0.4739738404750824,0.11763674020767212,0.9768060445785522,0.35562846064567566,4,0.6666666666666666,0.3333333333333333,3,audio_133.wav
0.3381012976169586,0.04861317574977875,0.9758874773979187,0.3719246983528137,3,0.75,0.25,3,audio_443.wav
0.2299722582101822,0.1434473991394043,0.35662612318992615,0.09153886139392853,3,1.0,0.0,2,audio_55.wav
0.5907902717590332,0.22246786952018738,0.9591127038002014,0.3683224022388458,1,0.5,0.5,1,audio_686.wav
0.6048548817634583,0.12126164138317108,0.9809004664421082,0.3145408034324646,3,0.42857142857142855,0.2857142857142857,1,audio_740.wav
0.599458634853363,0.07894747704267502,0.9781284928321838,0.4017389118671417,4,0.4,0.5,4,audio_699.wav
0.773795485496521,0.49571794271469116,0.978435754776001,0.17396116256713867,1,0.125,0.375,0,audio_44.wav
0.12158077955245972,0.05264144390821457,0.36231517791748047,0.12062127143144608,5,1.0,0.0,4,audio_500.wav
0.5280216336250305,0.1581561118364334,0.9827060699462891,0.33784210681915283,3,0.6,0.4,2,audio_265.wav
0.7454638481140137,0.07033970206975937,0.9825441241264343,0.3898564577102661,1,0.25,0.75,1,audio_125.wav
0.5896414518356323,0.05598950386047363,0.9768646359443665,0.389943391084671,1,0.3333333333333333,0.3333333333333333,1,audio_413.wav
0.5434924960136414,0.10552214086055756,0.9765927195549011,0.3228783905506134,4,0.5714285714285714,0.2857142857142857,1,audio_256.wav
0.6407307386398315,0.09678130596876144,0.9799665808677673,0.41467177867889404,2,0.4,0.6,2,audio_350.wav
0.6134577989578247,0.06435447186231613,0.9817620515823364,0.3433299958705902,3,0.375,0.375,2,audio_364.wav
0.36005517840385437,0.0982755571603775,0.7420207262039185,0.2391478717327118,4,0.8,0.0,2,audio_131.wav
0.1947883516550064,0.05742734670639038,0.3486310541629791,0.11803368479013443,4,1.0,0.0,2,audio_168.wav
0.3870786130428314,0.18503473699092865,0.6189055442810059,0.19876384735107422,2,0.5,0.0,2,audio_557.wav
0.4353414475917816,0.10149696469306946,0.870500922203064,0.2751111686229706,5,0.5555555555555556,0.2222222222222222,3,audio_670.wav
0.45895013213157654,0.09970735013484955,0.9483596086502075,0.35847845673561096,2,0.6666666666666666,0.3333333333333333,1,audio_342.wav
0.5008598566055298,0.33410191535949707,0.6992085576057434,0.13941211998462677,3,0.6,0.0,0,audio_2.wav
0.9355443120002747,0.5995965600013733,0.9815226793289185,0.11208091676235199,0,0.0,0.9,0,audio_5048.wav
0.6633870601654053,0.11207202076911926,0.9755666851997375,0.3519217371940613,1,0.25,0.5,1,audio_741.wav
0.6967387795448303,0.15481114387512207,0.9779332876205444,0.3359224498271942,1,0.25,0.5,1,audio_294.wav
0.7474795579910278,0.25700315833091736,0.9702867269515991,0.27948451042175293,1,0.2,0.6,0,audio_370.wav
0.2276948094367981,0.09677103906869888,0.3497435450553894,0.09282460063695908,4,1.0,0.0,2,audio_417.wav
0.6921327114105225,0.3954378068447113,0.9631261229515076,0.2420283704996109,2,0.3333333333333333,0.5,0,audio_753.wav
0.22716613113880157,0.13393662869930267,0.36817944049835205,0.10142285376787186,3,1.0,0.0,2,audio_533.wav
0.673856794834137,0.14734052121639252,0.9826812148094177,0.32004979252815247,3,0.375,0.375,2,audio_239.wav
0.609575629234314,0.07569440454244614,0.9661195278167725,0.3322962522506714,3,0.375,0.375,2,audio_566.wav
0.5876603722572327,0.13269713521003723,0.9830747246742249,0.3538568317890167,3,0.42857142857142855,0.42857142857142855,2,audio_736.wav
0.3817998766899109,0.0628475770354271,0.9626629948616028,0.34558534622192383,3,0.75,0.25,2,audio_541.wav
0.4172670841217041,0.12644967436790466,0.7080845236778259,0.29081740975379944,1,0.5,0.0,1,audio_531.wav
0.42985811829566956,0.06439191102981567,0.9572566747665405,0.4088205397129059,3,0.6,0.4,3,audio_280.wav
0.6205995082855225,0.04448620229959488,0.9737175703048706,0.35353559255599976,1,0.25,0.25,1,audio_33.wav
0.2268209010362625,0.17103131115436554,0.30224189162254333,0.05533593147993088,3,1.0,0.0,2,audio_307.wav
0.3396732211112976,0.07413259893655777,0.9737409353256226,0.3682805895805359,3,0.75,0.25,3,audio_617.wav
0.6860708594322205,0.24384790658950806,0.9810706377029419,0.3297342360019684,3,0.42857142857142855,0.5714285714285714,1,audio_613.wav
0.14395536482334137,0.14395536482334137,0.14395536482334137,0.0,1,1.0,0.0,1,audio_472.wav
0.6531102657318115,0.09542517364025116,0.9287182092666626,0.35179653763771057,2,0.3333333333333333,0.5,2,audio_568.wav
0.5650695562362671,0.11279354244470596,0.9807428121566772,0.36003991961479187,5,0.5,0.3,4,audio_521.wav
0.6617602109909058,0.0586426667869091,0.9713869094848633,0.3485848307609558,3,0.3,0.5,3,audio_401.wav
0.10621073096990585,0.08846326172351837,0.12395820021629333,0.01774746924638748,2,1.0,0.0,2,audio_573.wav
0.6524320840835571,0.1380392611026764,0.9780378341674805,0.32435497641563416,2,0.4,0.6,1,audio_180.wav
0.40423116087913513,0.06341602653265,0.9726855158805847,0.36663827300071716,3,0.75,0.25,2,audio_320.wav
0.4447363317012787,0.1301569938659668,0.7467315793037415,0.2518727481365204,2,0.6666666666666666,0.0,1,audio_85.wav
0.2649443745613098,0.11047068238258362,0.6369185447692871,0.21756258606910706,3,0.75,0.0,3,audio_296.wav
0.566575288772583,0.21645385026931763,0.9166967868804932,0.35012146830558777,1,0.5,0.5,1,audio_250.wav
0.6068796515464783,0.1020551472902298,0.9792876243591309,0.3468811511993408,2,0.2857142857142857,0.2857142857142857,2,audio_346.wav
0.2124761939048767,0.2124761939048767,0.2124761939048767,0.0,1,1.0,0.0,1,audio_335.wav
0.4618951976299286,0.06864972412586212,0.9714165925979614,0.39214062690734863,4,0.5714285714285714,0.2857142857142857,4,audio_20.wav
0.9172672629356384,0.9172672629356384,0.9172672629356384,0.0,0,0.0,1.0,0,audio_5071.wav
0.3775957226753235,0.14798997342586517,0.755760669708252,0.20129314064979553,6,0.8571428571428571,0.0,3,audio_558.wav
0.32205772399902344,0.044557131826877594,0.9499102234840393,0.36701279878616333,3,0.75,0.25,3,audio_289.wav
0.839820146560669,0.2781411111354828,0.9798752069473267,0.22795359790325165,2,0.15384615384615385,0.6923076923076923,0,audio_620.wav
0.152848482131958,0.04550604522228241,0.29966408014297485,0.09314826130867004,4,1.0,0.0,3,audio_665.wav
0.7480556964874268,0.26238512992858887,0.955120861530304,0.27059969305992126,1,0.2,0.6,0,audio_751.wav
0.21433204412460327,0.052660804241895676,0.5437889695167542,0.17837199568748474,5,0.8333333333333334,0.0,4,audio_442.wav
0.6656187772750854,0.08336614072322845,0.9806205630302429,0.3405982255935669,3,0.42857142857142855,0.5714285714285714,1,audio_362.wav
0.44164004921913147,0.08090849965810776,0.9775283932685852,0.32173171639442444,4,0.6666666666666666,0.16666666666666666,2,audio_311.wav
0.8335049748420715,0.4195227026939392,0.9803586006164551,0.20719030499458313,1,0.125,0.625,0,audio_724.wav
0.44447657465934753,0.07429331541061401,0.7082470059394836,0.2695268392562866,1,0.3333333333333333,0.0,1,audio_39.wav
0.3853161334991455,0.06910496950149536,0.9753270149230957,0.41755983233451843,2,0.6666666666666666,0.3333333333333333,2,audio_290.wav
0.45048296451568604,0.1006849855184555,0.9237738251686096,0.34718552231788635,2,0.6666666666666666,0.3333333333333333,1,audio_23.wav
0.2825884222984314,0.0983404740691185,0.5835370421409607,0.21458208560943604,2,0.6666666666666666,0.0,2,audio_624.wav
0.6374733448028564,0.06486637890338898,0.9777462482452393,0.4004291296005249,2,0.4,0.6,2,audio_206.wav
0.34667909145355225,0.09965873509645462,0.9742847084999084,0.32459065318107605,4,0.8,0.2,3,audio_288.wav
0.6404639482498169,0.27723777294158936,0.962007999420166,0.26513123512268066,1,0.25,0.25,0,audio_60.wav
0.3068861663341522,0.06978249549865723,0.76102614402771,0.3212299346923828,2,0.6666666666666666,0.0,2,audio_80.wav
0.6720548868179321,0.3774360418319702,0.9680215120315552,0.18411187827587128,2,0.2,0.2,0,audio_214.wav
0.4617537558078766,0.09057360887527466,0.9373364448547363,0.35348430275917053,2,0.6666666666666666,0.3333333333333333,1,audio_599.wav
0.29323676228523254,0.29323676228523254,0.29323676228523254,0.0,1,1.0,0.0,0,audio_5063.wav
0.5756877660751343,0.15100310742855072,0.9196783900260925,0.2980879843235016,2,0.4,0.4,1,audio_207.wav
0.5921124219894409,0.26824522018432617,0.9308602213859558,0.248866468667984,2,0.3333333333333333,0.16666666666666666,0,audio_438.wav
0.787962794303894,0.12586848437786102,0.9800496101379395,0.2927294671535492,2,0.2,0.7,1,audio_332.wav
0.32790401577949524,0.0954466164112091,0.7144465446472168,0.27519312500953674,2,0.6666666666666666,0.0,2,audio_159.wav
0.3567846715450287,0.08326680213212967,0.8991225957870483,0.38349559903144836,2,0.6666666666666666,0.3333333333333333,2,audio_478.wav
0.5777432918548584,0.06649693101644516,0.9817618131637573,0.3894067704677582,4,0.4444444444444444,0.3333333333333333,3,audio_46.wav
0.7120373249053955,0.3280278444290161,0.9608060121536255,0.2754627764225006,1,0.3333333333333333,0.3333333333333333,0,audio_130.wav
0.5103079676628113,0.03177514299750328,0.9808114767074585,0.3535239100456238,4,0.5714285714285714,0.2857142857142857,2,audio_437.wav
0.6130319833755493,0.20263762772083282,0.9744589924812317,0.2745605707168579,2,0.25,0.25,2,audio_771.wav
0.6643961668014526,0.23225632309913635,0.9783772826194763,0.29682284593582153,3,0.375,0.375,2,audio_759.wav
0.5889588594436646,0.08501192182302475,0.9805352091789246,0.38486558198928833,4,0.5,0.5,3,audio_25.wav
0.6472024321556091,0.08926305919885635,0.9759911894798279,0.3414421081542969,2,0.2222222222222222,0.4444444444444444,2,audio_191.wav
0.14730413258075714,0.03679528832435608,0.39946502447128296,0.12968306243419647,5,1.0,0.0,4,audio_182.wav
0.612116277217865,0.22450518608093262,0.9767667651176453,0.3647408187389374,2,0.5,0.5,1,audio_236.wav
0.31142160296440125,0.09461581707000732,0.515937089920044,0.17222310602664948,2,0.6666666666666666,0.0,1,audio_24.wav
0.2781413197517395,0.06443284451961517,0.6348568797111511,0.17538826167583466,8,0.8888888888888888,0.0,5,audio_428.wav
0.5112522840499878,0.09748141467571259,0.9524620175361633,0.37372756004333496,3,0.5,0.3333333333333333,3,audio_678.wav
0.15142282843589783,0.10553880035877228,0.19730687141418457,0.045884035527706146,2,1.0,0.0,2,audio_591.wav
0.34784671664237976,0.045770734548568726,0.7881391048431396,0.2660004496574402,5,0.7142857142857143,0.0,4,audio_597.wav
0.3479096591472626,0.04177319258451462,0.9036258459091187,0.31852108240127563,4,0.8,0.2,3,audio_580.wav
0.5108558535575867,0.045976873487234116,0.9774194955825806,0.42283353209495544,4,0.5714285714285714,0.42857142857142855,3,audio_19.wav
0.48553138971328735,0.2571537494659424,0.9830747246742249,0.2583310902118683,4,0.8,0.2,0,audio_476.wav
0.2780369222164154,0.1057291105389595,0.4503447115421295,0.1723078042268753,2,1.0,0.0,1,audio_375.wav
0.2404928058385849,0.20324435830116272,0.2777412533760071,0.03724844753742218,2,1.0,0.0,1,audio_642.wav
0.5298321843147278,0.160212904214859,0.8994514346122742,0.3696192800998688,1,0.5,0.5,1,audio_66.wav
0.6326679587364197,0.17015182971954346,0.9772771596908569,0.34434112906455994,2,0.3333333333333333,0.5,2,audio_186.wav
0.3091011643409729,0.054909251630306244,0.9727174043655396,0.27830106019973755,7,0.7777777777777778,0.1111111111111111,7,audio_713.wav
0.7928587198257446,0.12669667601585388,0.970279335975647,0.24918977916240692,1,0.1111111111111111,0.5555555555555556,1,audio_354.wav
0.6978074908256531,0.18183286488056183,0.9778106212615967,0.27938321232795715,3,0.3333333333333333,0.4444444444444444,1,audio_768.wav
0.6310425996780396,0.18692061305046082,0.9749346971511841,0.3236667215824127,2,0.5,0.5,1,audio_14.wav
0.548943817615509,0.08528414368629456,0.9807757139205933,0.42991694808006287,4,0.5,0.5,4,audio_208.wav
0.42998450994491577,0.05887570604681969,0.971592903137207,0.3447839319705963,3,0.75,0.25,2,audio_418.wav
0.592780351638794,0.1142466589808464,0.9787775278091431,0.3373926877975464,5,0.5,0.4,2,audio_212.wav
0.6536644101142883,0.05849788710474968,0.9807103276252747,0.3356355130672455,4,0.3333333333333333,0.5,2,audio_177.wav
0.5315948724746704,0.0991688147187233,0.9420012831687927,0.3920082449913025,2,0.5,0.5,2,audio_503.wav
0.10270433872938156,0.05764355883002281,0.14776511490345,0.04506077617406845,2,1.0,0.0,2,audio_564.wav
0.21821807324886322,0.032026659697294235,0.8400343060493469,0.26472964882850647,6,0.8571428571428571,0.0,5,audio_257.wav
0.5796366333961487,0.14508774876594543,0.9648221731185913,0.33484774827957153,2,0.4,0.4,1,audio_408.wav
0.34616371989250183,0.061709869652986526,0.8429720401763916,0.2973162829875946,4,0.6666666666666666,0.0,4,audio_468.wav
0.36437296867370605,0.07779740542173386,0.841275691986084,0.3070603013038635,4,0.6666666666666666,0.0,3,audio_574.wav
0.6797202825546265,0.5844230055809021,0.775017499923706,0.09529724717140198,0,0.0,0.0,0,audio_26.wav
0.39469003677368164,0.19289420545101166,0.7678539752960205,0.2641589641571045,2,0.6666666666666666,0.0,2,audio_480.wav
0.26542428135871887,0.05261737108230591,0.7898759841918945,0.30394577980041504,3,0.75,0.0,3,audio_706.wav
0.5258314609527588,0.1073981299996376,0.8438627123832703,0.29703351855278015,2,0.3333333333333333,0.0,2,audio_57.wav
0.8485743999481201,0.6893242001533508,0.9378123879432678,0.09523355215787888,0,0.0,0.75,0,audio_209.wav
0.37181198596954346,0.07326547801494598,0.9338657855987549,0.2692335546016693,5,0.625,0.125,3,audio_712.wav
0.4022338390350342,0.1945391297340393,0.609928548336029,0.20769470930099487,1,0.5,0.0,1,audio_353.wav
0.4776039719581604,0.08399971574544907,0.9761791229248047,0.3692294657230377,6,0.6,0.3,4,audio_575.wav
0.926599383354187,0.823761522769928,0.9826709628105164,0.06215663626790047,0,0.0,0.75,0,audio_383.wav
0.6437562704086304,0.09305310249328613,0.976714015007019,0.31654542684555054,1,0.2,0.4,1,audio_781.wav
0.44503360986709595,0.0604250505566597,0.9701080918312073,0.325833261013031,5,0.7142857142857143,0.2857142857142857,2,audio_118.wav
0.7729793190956116,0.2452826350927353,0.9801133871078491,0.25019606947898865,2,0.2222222222222222,0.5555555555555556,1,audio_337.wav
0.1068662777543068,0.044516853988170624,0.22374217212200165,0.07043921202421188,4,1.0,0.0,4,audio_715.wav
0.12699826061725616,0.12699826061725616,0.12699826061725616,0.0,1,1.0,0.0,1,audio_323.wav
0.8576087355613708,0.30389732122421265,0.9756154417991638,0.2477182000875473,1,0.16666666666666666,0.8333333333333334,0,audio_374.wav
0.6228080987930298,0.03437627851963043,0.9765873551368713,0.3917473256587982,3,0.42857142857142855,0.5714285714285714,2,audio_348.wav
0.13039134442806244,0.1210482195019722,0.14718006551265717,0.011896674521267414,3,1.0,0.0,3,audio_547.wav
0.790898323059082,0.5945010185241699,0.966482400894165,0.17553281784057617,0,0.0,0.5,0,audio_41.wav
0.7845720648765564,0.5575382113456726,0.9368919134140015,0.13943514227867126,0,0.0,0.4,0,audio_284.wav
0.597967803478241,0.23199273645877838,0.9697728753089905,0.2963982820510864,3,0.5,0.3333333333333333,1,audio_13.wav
0.30085843801498413,0.09957969933748245,0.9619280695915222,0.3322134017944336,4,0.8,0.2,4,audio_548.wav
0.7956504225730896,0.20802666246891022,0.9830747246742249,0.2612345516681671,1,0.14285714285714285,0.5714285714285714,1,audio_687.wav
0.6781246662139893,0.1617191880941391,0.9632568359375,0.3253660798072815,2,0.3333333333333333,0.6666666666666666,1,audio_104.wav
0.5593346357345581,0.05750420689582825,0.9809289574623108,0.3712521195411682,3,0.42857142857142855,0.42857142857142855,2,audio_181.wav
0.7780979871749878,0.589830219745636,0.957666277885437,0.1697663515806198,0,0.0,0.5,0,audio_755.wav
0.6560550928115845,0.10661022365093231,0.9793596267700195,0.39383774995803833,2,0.4,0.6,2,audio_733.wav
0.38122257590293884,0.12516938149929047,0.806282639503479,0.2113126814365387,6,0.8571428571428571,0.0,3,audio_5072.wav
0.8817892074584961,0.6315393447875977,0.9812337756156921,0.13241390883922577,0,0.0,0.8,0,audio_776.wav
0.5213084816932678,0.06682401150465012,0.9757929444313049,0.4544844627380371,1,0.5,0.5,1,audio_70.wav
0.5855221152305603,0.37371376156806946,0.7066377997398376,0.15028522908687592,1,0.3333333333333333,0.0,0,audio_49.wav
0.23991720378398895,0.0816936269402504,0.7866889238357544,0.2737712860107422,4,0.8,0.0,4,audio_527.wav
0.18804827332496643,0.08644988387823105,0.3404814898967743,0.08784293383359909,8,1.0,0.0,6,audio_273.wav
0.2978125512599945,0.06333387643098831,0.5296024680137634,0.1903628557920456,2,0.6666666666666666,0.0,1,audio_139.wav
0.3870098292827606,0.08361116796731949,0.9689199924468994,0.3709946572780609,4,0.6666666666666666,0.16666666666666666,4,audio_467.wav
0.7777286171913147,0.09709708392620087,0.9806731939315796,0.29844939708709717,2,0.2222222222222222,0.6666666666666666,1,audio_407.wav
0.5552358627319336,0.05268971621990204,0.9812014102935791,0.3254736065864563,4,0.5,0.375,1,audio_404.wav
0.4263414442539215,0.14243608713150024,0.9763028621673584,0.2894020974636078,4,0.8,0.2,1,audio_534.wav
0.43158841133117676,0.03737744316458702,0.9692724347114563,0.34163349866867065,3,0.6,0.2,2,audio_96.wav
0.3364979922771454,0.08066203445196152,0.7617413997650146,0.27350157499313354,3,0.75,0.0,2,audio_137.wav
0.36752575635910034,0.07046893239021301,0.9817507863044739,0.36241385340690613,6,0.6666666666666666,0.2222222222222222,6,audio_150.wav
0.3229391276836395,0.07030680030584335,0.9671525359153748,0.29481738805770874,5,0.8333333333333334,0.16666666666666666,4,audio_339.wav
0.9156885743141174,0.7410328984260559,0.9830210208892822,0.09906145185232162,0,0.0,0.7142857142857143,0,audio_409.wav
0.32064908742904663,0.050109852105379105,0.6731220483779907,0.283943235874176,3,0.6,0.0,3,audio_78.wav
0.28450480103492737,0.06301027536392212,0.7268059253692627,0.23931054770946503,5,0.8333333333333334,0.0,3,audio_244.wav
0.662493109703064,0.11599491536617279,0.9802842736244202,0.3739498555660248,2,0.4,0.6,1,audio_752.wav
0.46607980132102966,0.09277141839265823,0.8549706935882568,0.3090740740299225,3,0.6,0.2,2,audio_508.wav
0.6056458950042725,0.06207132712006569,0.9779810309410095,0.34637439250946045,4,0.4,0.4,2,audio_664.wav
0.6720237731933594,0.06456787884235382,0.9770247936248779,0.38882237672805786,3,0.3,0.5,3,audio_701.wav
0.43950676918029785,0.1931624561548233,0.6858510971069336,0.24634431302547455,1,0.5,0.0,1,audio_5044.wav
0.6746013164520264,0.045832615345716476,0.9791643619537354,0.33313530683517456,3,0.3333333333333333,0.5555555555555556,1,audio_734.wav
0.7273788452148438,0.2915025055408478,0.984043300151825,0.2838597297668457,2,0.2857142857142857,0.42857142857142855,0,audio_51.wav
0.28535377979278564,0.07969929277896881,0.8583105206489563,0.2958484888076782,4,0.8,0.2,3,audio_704.wav
0.48441562056541443,0.19476737082004547,0.7355389595031738,0.18414494395256042,3,0.6,0.0,1,audio_129.wav
0.4972691833972931,0.10888984054327011,0.9805589318275452,0.3621304929256439,2,0.6666666666666666,0.3333333333333333,1,audio_107.wav
0.5965859293937683,0.10263331234455109,0.9787082076072693,0.39600756764411926,4,0.4444444444444444,0.5555555555555556,4,audio_143.wav
0.35020098090171814,0.04486093670129776,0.9830747246742249,0.2833448350429535,7,0.7777777777777778,0.1111111111111111,4,audio_458.wav
0.3700573444366455,0.061179693788290024,0.8951971530914307,0.33440348505973816,3,0.75,0.25,2,audio_424.wav
0.19679369032382965,0.07311596721410751,0.5524665713310242,0.1528041511774063,6,0.8571428571428571,0.0,6,audio_563.wav
0.22143414616584778,0.0737834945321083,0.36908480525016785,0.14765065908432007,2,1.0,0.0,1,audio_625.wav
0.538084864616394,0.10075554996728897,0.8939047455787659,0.2911129295825958,3,0.42857142857142855,0.2857142857142857,1,audio_302.wav
0.5008382201194763,0.1423269659280777,0.8873420357704163,0.3047945499420166,2,0.6666666666666666,0.3333333333333333,1,audio_154.wav
0.3865613639354706,0.1292748600244522,0.657917857170105,0.2160467952489853,2,0.6666666666666666,0.0,1,audio_754.wav
0.14304859936237335,0.05689460039138794,0.19681456685066223,0.06154205650091171,3,1.0,0.0,3,audio_749.wav
0.5414348244667053,0.21691904962062836,0.9033462405204773,0.2966417968273163,3,0.6,0.4,1,audio_366.wav
0.30810946226119995,0.0672776997089386,0.9789840579032898,0.30678442120552063,5,0.7142857142857143,0.14285714285714285,4,audio_693.wav
0.899904727935791,0.6975446343421936,0.9688166975975037,0.09594380855560303,0,0.0,0.8333333333333334,0,audio_608.wav
0.6401132345199585,0.0921313688158989,0.9745585322380066,0.34200459718704224,3,0.375,0.5,2,audio_220.wav
0.41888976097106934,0.34430864453315735,0.5045750141143799,0.06589791923761368,2,0.6666666666666666,0.0,0,audio_761.wav
0.4200597405433655,0.1616184562444687,0.9744307994842529,0.3266245722770691,3,0.75,0.25,2,audio_640.wav
0.7989838719367981,0.250141441822052,0.9827513098716736,0.2548852264881134,1,0.14285714285714285,0.7142857142857143,0,audio_67.wav
0.898193359375,0.40467411279678345,0.9812612533569336,0.15866388380527496,1,0.08333333333333333,0.8333333333333334,0,audio_299.wav
0.6172698736190796,0.1598208248615265,0.9800372123718262,0.3531208336353302,3,0.375,0.5,3,audio_102.wav
0.5958377122879028,0.3164404630661011,0.9749374985694885,0.24645069241523743,2,0.4,0.2,0,audio_258.wav
0.5595359206199646,0.09700209647417068,0.9809993505477905,0.33975234627723694,4,0.4,0.3,3,audio_679.wav
0.517460286617279,0.17439091205596924,0.9566662311553955,0.3496151268482208,3,0.6,0.4,2,audio_82.wav
0.6432879567146301,0.13042472302913666,0.9708059430122375,0.3165145516395569,3,0.5,0.5,1,audio_325.wav
0.26585400104522705,0.04418660327792168,0.9509974718093872,0.31771641969680786,5,0.8333333333333334,0.16666666666666666,4,audio_399.wav
0.9435699582099915,0.9302990436553955,0.9650449752807617,0.015325347892940044,0,0.0,1.0,0,audio_285.wav
0.860155463218689,0.4560699164867401,0.9741422533988953,0.17161187529563904,1,0.14285714285714285,0.7142857142857143,0,audio_784.wav
0.5940874814987183,0.19701766967773438,0.920185923576355,0.26844528317451477,3,0.6,0.4,1,audio_0.wav
0.48959818482398987,0.10160554200410843,0.9575944542884827,0.3505522310733795,3,0.5,0.3333333333333333,2,audio_435.wav
0.7890366315841675,0.3245435953140259,0.9815654754638672,0.2693830728530884,1,0.25,0.75,0,audio_91.wav
0.38875773549079895,0.13256114721298218,0.8048475384712219,0.2968350946903229,2,0.6666666666666666,0.0,2,audio_109.wav
0.885240375995636,0.6670081615447998,0.9838958978652954,0.12473781406879425,0,0.0,0.6,0,audio_772.wav
0.5139856338500977,0.13996262848377228,0.9810406565666199,0.33462584018707275,6,0.6,0.3,4,audio_270.wav
0.46841779351234436,0.07242445647716522,0.917874276638031,0.3465712368488312,5,0.5555555555555556,0.2222222222222222,4,audio_528.wav
0.07977724820375443,0.05649681016802788,0.11874758452177048,0.027729880064725876,3,1.0,0.0,3,audio_441.wav
0.47911548614501953,0.13505403697490692,0.9595307111740112,0.3298708498477936,3,0.5,0.3333333333333333,2,audio_381.wav
0.3516431152820587,0.1435256451368332,0.668056070804596,0.22741882503032684,2,0.6666666666666666,0.0,2,audio_86.wav
0.6084613800048828,0.09155376255512238,0.9774078726768494,0.39403730630874634,4,0.4444444444444444,0.5555555555555556,3,audio_101.wav
0.6928790211677551,0.14799073338508606,0.9486150741577148,0.3202754855155945,1,0.25,0.5,1,audio_333.wav
0.470449298620224,0.07257149368524551,0.9736180901527405,0.3496415317058563,3,0.5,0.3333333333333333,3,audio_149.wav
0.47668394446372986,0.12263578921556473,0.933045506477356,0.3178114593029022,4,0.6666666666666666,0.3333333333333333,2,audio_719.wav
0.30165109038352966,0.061442892998456955,0.9791503548622131,0.3088880777359009,6,0.8571428571428571,0.14285714285714285,4,audio_638.wav
0.4704042375087738,0.06299518048763275,0.9678142070770264,0.37673747539520264,5,0.5,0.3,5,audio_147.wav
0.6062889099121094,0.08768582344055176,0.9660929441452026,0.351276159286499,2,0.5,0.5,1,audio_62.wav
0.9199745059013367,0.8175457715988159,0.9828130602836609,0.05742507055401802,0,0.0,0.8,0,audio_763.wav
0.07408593595027924,0.04793054983019829,0.12410835921764374,0.030217135325074196,4,1.0,0.0,4,audio_498.wav
0.6090254783630371,0.10418199002742767,0.9653514623641968,0.40515249967575073,2,0.4,0.6,2,audio_1.wav
0.763047456741333,0.37738725543022156,0.9467517733573914,0.21026991307735443,1,0.2,0.4,0,audio_304.wav
0.5252104997634888,0.10224687308073044,0.9481741786003113,0.4229636490345001,1,0.5,0.5,1,audio_347.wav
0.4276696741580963,0.08130200952291489,0.9796812534332275,0.3880198895931244,4,0.6666666666666666,0.3333333333333333,3,audio_560.wav
0.16576142609119415,0.16576142609119415,0.16576142609119415,0.0,1,1.0,0.0,1,audio_452.wav
0.6146207451820374,0.13854876160621643,0.9775032997131348,0.3355455696582794,4,0.4,0.4,3,audio_716.wav
0.974698007106781,0.974698007106781,0.974698007106781,0.0,0,0.0,1.0,0,audio_473.wav
0.5312731862068176,0.1426258534193039,0.9723777770996094,0.30933877825737,4,0.5,0.25,2,audio_95.wav
0.6994165182113647,0.14893090724945068,0.9770439267158508,0.2983379662036896,1,0.2,0.4,1,audio_732.wav
0.6669294238090515,0.14967361092567444,0.9677667617797852,0.30665528774261475,2,0.3333333333333333,0.5,1,audio_292.wav
0.08469490706920624,0.03989412263035774,0.1376354694366455,0.031658586114645004,5,1.0,0.0,5,audio_469.wav
0.43108296394348145,0.035476941615343094,0.9753866195678711,0.3274227976799011,4,0.6666666666666666,0.16666666666666666,2,audio_329.wav
0.47228965163230896,0.07286122441291809,0.9810326099395752,0.3423457443714142,7,0.6363636363636364,0.2727272727272727,4,audio_169.wav
0.4394570291042328,0.1209818422794342,0.7672054767608643,0.2427707314491272,3,0.6,0.0,1,audio_174.wav
0.13111327588558197,0.038491640239953995,0.29295891523361206,0.11484009772539139,3,1.0,0.0,2,audio_513.wav
0.3168244957923889,0.06679937988519669,0.7075773477554321,0.2686391770839691,4,0.6666666666666666,0.0,4,audio_584.wav
0.41413405537605286,0.06717457622289658,0.7279595732688904,0.25193774700164795,3,0.42857142857142855,0.0,3,audio_345.wav
0.7772238850593567,0.3696027100086212,0.9813459515571594,0.21331891417503357,1,0.16666666666666666,0.6666666666666666,0,audio_750.wav
0.2610715925693512,0.163310706615448,0.44641178846359253,0.1311212182044983,3,1.0,0.0,2,audio_116.wav
0.5140745639801025,0.08980980515480042,0.9756714105606079,0.3541085124015808,3,0.5,0.3333333333333333,2,audio_114.wav
0.4422764778137207,0.04843234270811081,0.9766052961349487,0.3526099920272827,4,0.5714285714285714,0.2857142857142857,3,audio_157.wav
0.7487688660621643,0.35524824261665344,0.9784261584281921,0.19706740975379944,1,0.1111111111111111,0.3333333333333333,0,audio_385.wav
0.3470076024532318,0.11348507553339005,0.5692005753517151,0.18621748685836792,2,0.6666666666666666,0.0,1,audio_264.wav
0.7751353979110718,0.1869337260723114,0.9781786799430847,0.26417627930641174,1,0.14285714285714285,0.42857142857142855,1,audio_390.wav
0.7534277439117432,0.047403689473867416,0.9719647765159607,0.34140580892562866,1,0.16666666666666666,0.6666666666666666,1,audio_766.wav
0.07116047292947769,0.06516841799020767,0.08247077465057373,0.008002322167158127,3,1.0,0.0,3,audio_571.wav
0.6885457038879395,0.258396714925766,0.9791791439056396,0.3015661835670471,3,0.42857142857142855,0.42857142857142855,0,audio_393.wav
0.3566052317619324,0.07660431414842606,0.8589313626289368,0.2367827296257019,6,0.8571428571428571,0.14285714285714285,2,audio_691.wav
